"115.03374380756986","115.13957332326281","1","21","{""a"":""in"",""s"":1,""nid"":-1117973137,""i"":""<<?r,Soldier15,?l,t,1,>>"",""psn"":[1]}","10001","75","0","SUCCESS","0.10582951569294607"
"115.13721466366475","115.25721466366475","1","22","{""a"":""in"",""s"":1,""nid"":-1117973137,""i"":""<<?r,Soldier15,?l,t,1,>>"",""psn"":[1]}","10002","75","1","SUCCESS","0.12000000000000455"
"115.13957332326281","115.25957332326281","21","23","{""a"":""in"",""s"":1,""nid"":-1117973137,""i"":""<<?r,Soldier15,?l,t,1,>>"",""psn"":[1,21]}","210003","78","2","SUCCESS","0.12000000000000455"
"115.13957332326281","115.25957332326281","21","26","{""a"":""in"",""s"":1,""nid"":-1117973137,""i"":""<<?r,Soldier15,?l,t,1,>>"",""psn"":[1,21]}","210007","78","6","SUCCESS","0.12000000000000455"
"115.13957332326281","115.25957332326281","1","24","{""a"":""in"",""s"":1,""nid"":-1117973137,""i"":""<<?r,Soldier15,?l,t,1,>>"",""psn"":[1]}","10004","75","3","SUCCESS","0.12000000000000455"
"115.13957332326281","115.25957332326281","1","11","{""a"":""in"",""s"":1,""nid"":-1117973137,""i"":""<<?r,Soldier15,?l,t,1,>>"",""psn"":[1]}","10005","75","4","SUCCESS","0.12000000000000455"
"115.13957332326281","115.25957332326281","21","25","{""a"":""in"",""s"":1,""nid"":-1117973137,""i"":""<<?r,Soldier15,?l,t,1,>>"",""psn"":[1,21]}","210006","78","5","SUCCESS","0.12000000000000455"
"115.25721466366475","115.37721466366476","22","24","{""a"":""in"",""s"":1,""nid"":-1117973137,""i"":""<<?r,Soldier15,?l,t,1,>>"",""psn"":[1,22]}","220008","78","7","SUCCESS","0.12000000000000455"
"115.25957332326281","115.37957332326282","25","26","{""a"":""in"",""s"":1,""nid"":-1117973137,""i"":""<<?r,Soldier15,?l,t,1,>>"",""psn"":[1,21,25]}","250020","81","19","SUCCESS","0.12000000000000455"
"115.25957332326281","115.37957332326282","11","14","{""a"":""in"",""s"":1,""nid"":-1117973137,""i"":""<<?r,Soldier15,?l,t,1,>>"",""psn"":[1,11]}","110017","78","16","SUCCESS","0.12000000000000455"
"115.25957332326281","115.37957332326282","26","23","{""a"":""in"",""s"":1,""nid"":-1117973137,""i"":""<<?r,Soldier15,?l,t,1,>>"",""psn"":[1,21,26]}","260011","81","10","SUCCESS","0.12000000000000455"
"115.25957332326281","115.37957332326282","23","26","{""a"":""in"",""s"":1,""nid"":-1117973137,""i"":""<<?r,Soldier15,?l,t,1,>>"",""psn"":[1,21,23]}","230010","81","9","SUCCESS","0.12000000000000455"
"115.25957332326281","115.37957332326282","25","23","{""a"":""in"",""s"":1,""nid"":-1117973137,""i"":""<<?r,Soldier15,?l,t,1,>>"",""psn"":[1,21,25]}","250019","81","18","SUCCESS","0.12000000000000455"
"115.25957332326281","115.37957332326282","26","25","{""a"":""in"",""s"":1,""nid"":-1117973137,""i"":""<<?r,Soldier15,?l,t,1,>>"",""psn"":[1,21,26]}","260012","81","11","SUCCESS","0.12000000000000455"
"115.25957332326281","115.37957332326282","11","12","{""a"":""in"",""s"":1,""nid"":-1117973137,""i"":""<<?r,Soldier15,?l,t,1,>>"",""psn"":[1,11]}","110015","78","14","SUCCESS","0.12000000000000455"
"115.25957332326281","115.37957332326282","23","25","{""a"":""in"",""s"":1,""nid"":-1117973137,""i"":""<<?r,Soldier15,?l,t,1,>>"",""psn"":[1,21,23]}","230009","81","8","SUCCESS","0.12000000000000455"
"115.25957332326281","115.37957332326282","11","16","{""a"":""in"",""s"":1,""nid"":-1117973137,""i"":""<<?r,Soldier15,?l,t,1,>>"",""psn"":[1,11]}","110014","78","13","SUCCESS","0.12000000000000455"
"115.25957332326281","115.37957332326282","11","15","{""a"":""in"",""s"":1,""nid"":-1117973137,""i"":""<<?r,Soldier15,?l,t,1,>>"",""psn"":[1,11]}","110018","78","17","SUCCESS","0.12000000000000455"
"115.25957332326281","115.37957332326282","11","13","{""a"":""in"",""s"":1,""nid"":-1117973137,""i"":""<<?r,Soldier15,?l,t,1,>>"",""psn"":[1,11]}","110016","78","15","SUCCESS","0.12000000000000455"
"115.25957332326281","115.37957332326282","24","22","{""a"":""in"",""s"":1,""nid"":-1117973137,""i"":""<<?r,Soldier15,?l,t,1,>>"",""psn"":[1,24]}","240013","78","12","SUCCESS","0.12000000000000455"
"115.37957332326282","115.49957332326282","13","15","{""a"":""in"",""s"":1,""nid"":-1117973137,""i"":""<<?r,Soldier15,?l,t,1,>>"",""psn"":[1,11,13]}","130039","81","38","SUCCESS","0.12000000000000455"
"115.37957332326282","115.49957332326282","14","16","{""a"":""in"",""s"":1,""nid"":-1117973137,""i"":""<<?r,Soldier15,?l,t,1,>>"",""psn"":[1,11,14]}","140021","81","20","SUCCESS","0.12000000000000455"
"115.37957332326282","115.49957332326282","15","14","{""a"":""in"",""s"":1,""nid"":-1117973137,""i"":""<<?r,Soldier15,?l,t,1,>>"",""psn"":[1,11,15]}","150035","81","34","SUCCESS","0.12000000000000455"
"115.37957332326282","115.49957332326282","16","13","{""a"":""in"",""s"":1,""nid"":-1117973137,""i"":""<<?r,Soldier15,?l,t,1,>>"",""psn"":[1,11,16]}","160029","81","28","SUCCESS","0.12000000000000455"
"115.37957332326282","115.49957332326282","15","13","{""a"":""in"",""s"":1,""nid"":-1117973137,""i"":""<<?r,Soldier15,?l,t,1,>>"",""psn"":[1,11,15]}","150034","81","33","SUCCESS","0.12000000000000455"
"115.37957332326282","115.49957332326282","15","16","{""a"":""in"",""s"":1,""nid"":-1117973137,""i"":""<<?r,Soldier15,?l,t,1,>>"",""psn"":[1,11,15]}","150032","81","31","SUCCESS","0.12000000000000455"
"115.37957332326282","115.49957332326282","14","12","{""a"":""in"",""s"":1,""nid"":-1117973137,""i"":""<<?r,Soldier15,?l,t,1,>>"",""psn"":[1,11,14]}","140022","81","21","SUCCESS","0.12000000000000455"
"115.37957332326282","115.49957332326282","14","15","{""a"":""in"",""s"":1,""nid"":-1117973137,""i"":""<<?r,Soldier15,?l,t,1,>>"",""psn"":[1,11,14]}","140023","81","22","SUCCESS","0.12000000000000455"
"115.37957332326282","115.49957332326282","12","14","{""a"":""in"",""s"":1,""nid"":-1117973137,""i"":""<<?r,Soldier15,?l,t,1,>>"",""psn"":[1,11,12]}","120026","81","25","SUCCESS","0.12000000000000455"
"115.37957332326282","115.49957332326282","12","16","{""a"":""in"",""s"":1,""nid"":-1117973137,""i"":""<<?r,Soldier15,?l,t,1,>>"",""psn"":[1,11,12]}","120024","81","23","SUCCESS","0.12000000000000455"
"115.37957332326282","115.49957332326282","13","16","{""a"":""in"",""s"":1,""nid"":-1117973137,""i"":""<<?r,Soldier15,?l,t,1,>>"",""psn"":[1,11,13]}","130037","81","36","SUCCESS","0.12000000000000455"
"115.37957332326282","115.49957332326282","13","12","{""a"":""in"",""s"":1,""nid"":-1117973137,""i"":""<<?r,Soldier15,?l,t,1,>>"",""psn"":[1,11,13]}","130038","81","37","SUCCESS","0.12000000000000455"
"115.37957332326282","115.49957332326282","15","11","{""a"":""inr"",""s"":1,""nid"":-1117973137,""i"":""<<Healthy,Soldier15,?l,t,1,>>"",""psn"":[15]}","150036","82","35","SUCCESS","0.12000000000000455"
"115.37957332326282","115.49957332326282","16","15","{""a"":""in"",""s"":1,""nid"":-1117973137,""i"":""<<?r,Soldier15,?l,t,1,>>"",""psn"":[1,11,16]}","160031","81","30","SUCCESS","0.12000000000000455"
"115.37957332326282","115.49957332326282","16","14","{""a"":""in"",""s"":1,""nid"":-1117973137,""i"":""<<?r,Soldier15,?l,t,1,>>"",""psn"":[1,11,16]}","160030","81","29","SUCCESS","0.12000000000000455"
"115.37957332326282","115.49957332326282","12","13","{""a"":""in"",""s"":1,""nid"":-1117973137,""i"":""<<?r,Soldier15,?l,t,1,>>"",""psn"":[1,11,12]}","120025","81","24","SUCCESS","0.12000000000000455"
"115.37957332326282","115.49957332326282","12","15","{""a"":""in"",""s"":1,""nid"":-1117973137,""i"":""<<?r,Soldier15,?l,t,1,>>"",""psn"":[1,11,12]}","120027","81","26","SUCCESS","0.12000000000000455"
"115.37957332326282","115.49957332326282","16","12","{""a"":""in"",""s"":1,""nid"":-1117973137,""i"":""<<?r,Soldier15,?l,t,1,>>"",""psn"":[1,11,16]}","160028","81","27","SUCCESS","0.12000000000000455"
"115.37957332326282","115.49957332326282","15","12","{""a"":""in"",""s"":1,""nid"":-1117973137,""i"":""<<?r,Soldier15,?l,t,1,>>"",""psn"":[1,11,15]}","150033","81","32","SUCCESS","0.12000000000000455"
"115.49957332326282","115.61957332326283","11","1","{""a"":""inr"",""s"":1,""nid"":-1117973137,""i"":""<<Healthy,Soldier15,?l,t,1,>>"",""psn"":[15]}","110040","82","39","SUCCESS","0.12000000000000455"
"115.49957332326282","115.61957332326283","11","1","{""a"":""inr"",""s"":1,""nid"":-1117973137,""i"":""<<Healthy,Soldier15,?l,t,1,>>"",""psn"":[15]}","110041","82","40","SUCCESS","0.12000000000000455"
"137.75721466366562","137.8772146636656","1","21","{""a"":""in"",""s"":1,""nid"":-1760135182,""i"":""<<?r,Soldier15,?l,t,1,>>"",""psn"":[1]}","10042","75","41","SUCCESS","0.11999999999997613"
"137.81957332326368","137.93957332326366","1","22","{""a"":""in"",""s"":1,""nid"":-1760135182,""i"":""<<?r,Soldier15,?l,t,1,>>"",""psn"":[1]}","10043","75","42","SUCCESS","0.11999999999997613"
"137.8593668521973","137.97936685219727","1","24","{""a"":""in"",""s"":1,""nid"":-1760135182,""i"":""<<?r,Soldier15,?l,t,1,>>"",""psn"":[1]}","10044","75","43","SUCCESS","0.11999999999997613"
"137.8772146636656","137.99721466366557","1","11","{""a"":""in"",""s"":1,""nid"":-1760135182,""i"":""<<?r,Soldier15,?l,t,1,>>"",""psn"":[1]}","10046","75","45","SUCCESS","0.11999999999997613"
"137.8772146636656","137.99721466366557","21","23","{""a"":""in"",""s"":1,""nid"":-1760135182,""i"":""<<?r,Soldier15,?l,t,1,>>"",""psn"":[1,21]}","210045","78","44","SUCCESS","0.11999999999997613"
"137.8772146636656","137.99721466366557","21","25","{""a"":""in"",""s"":1,""nid"":-1760135182,""i"":""<<?r,Soldier15,?l,t,1,>>"",""psn"":[1,21]}","210047","78","46","SUCCESS","0.11999999999997613"
"137.8772146636656","137.99721466366557","21","26","{""a"":""in"",""s"":1,""nid"":-1760135182,""i"":""<<?r,Soldier15,?l,t,1,>>"",""psn"":[1,21]}","210048","78","47","SUCCESS","0.11999999999997613"
"137.93957332326366","138.05957332326363","22","24","{""a"":""in"",""s"":1,""nid"":-1760135182,""i"":""<<?r,Soldier15,?l,t,1,>>"",""psn"":[1,22]}","220049","78","48","SUCCESS","0.11999999999997613"
"137.97936685219727","138.09936685219725","24","22","{""a"":""in"",""s"":1,""nid"":-1760135182,""i"":""<<?r,Soldier15,?l,t,1,>>"",""psn"":[1,24]}","240050","78","49","SUCCESS","0.11999999999997613"
"137.99721466366557","138.11721466366555","11","16","{""a"":""in"",""s"":1,""nid"":-1760135182,""i"":""<<?r,Soldier15,?l,t,1,>>"",""psn"":[1,11]}","110051","78","50","SUCCESS","0.11999999999997613"
"137.99721466366557","138.11721466366555","23","26","{""a"":""in"",""s"":1,""nid"":-1760135182,""i"":""<<?r,Soldier15,?l,t,1,>>"",""psn"":[1,21,23]}","230057","81","56","SUCCESS","0.11999999999997613"
"137.99721466366557","138.11721466366555","11","15","{""a"":""in"",""s"":1,""nid"":-1760135182,""i"":""<<?r,Soldier15,?l,t,1,>>"",""psn"":[1,11]}","110055","78","54","SUCCESS","0.11999999999997613"
"137.99721466366557","138.11721466366555","26","25","{""a"":""in"",""s"":1,""nid"":-1760135182,""i"":""<<?r,Soldier15,?l,t,1,>>"",""psn"":[1,21,26]}","260061","81","60","SUCCESS","0.11999999999997613"
"137.99721466366557","138.11721466366555","11","12","{""a"":""in"",""s"":1,""nid"":-1760135182,""i"":""<<?r,Soldier15,?l,t,1,>>"",""psn"":[1,11]}","110052","78","51","SUCCESS","0.11999999999997613"
"137.99721466366557","138.11721466366555","11","13","{""a"":""in"",""s"":1,""nid"":-1760135182,""i"":""<<?r,Soldier15,?l,t,1,>>"",""psn"":[1,11]}","110053","78","52","SUCCESS","0.11999999999997613"
"137.99721466366557","138.11721466366555","25","23","{""a"":""in"",""s"":1,""nid"":-1760135182,""i"":""<<?r,Soldier15,?l,t,1,>>"",""psn"":[1,21,25]}","250058","81","57","SUCCESS","0.11999999999997613"
"137.99721466366557","138.11721466366555","11","14","{""a"":""in"",""s"":1,""nid"":-1760135182,""i"":""<<?r,Soldier15,?l,t,1,>>"",""psn"":[1,11]}","110054","78","53","SUCCESS","0.11999999999997613"
"137.99721466366557","138.11721466366555","25","26","{""a"":""in"",""s"":1,""nid"":-1760135182,""i"":""<<?r,Soldier15,?l,t,1,>>"",""psn"":[1,21,25]}","250059","81","58","SUCCESS","0.11999999999997613"
"137.99721466366557","138.11721466366555","26","23","{""a"":""in"",""s"":1,""nid"":-1760135182,""i"":""<<?r,Soldier15,?l,t,1,>>"",""psn"":[1,21,26]}","260060","81","59","SUCCESS","0.11999999999997613"
"137.99721466366557","138.11721466366555","23","25","{""a"":""in"",""s"":1,""nid"":-1760135182,""i"":""<<?r,Soldier15,?l,t,1,>>"",""psn"":[1,21,23]}","230056","81","55","SUCCESS","0.11999999999997613"
"138.11721466366555","138.23721466366553","14","16","{""a"":""in"",""s"":1,""nid"":-1760135182,""i"":""<<?r,Soldier15,?l,t,1,>>"",""psn"":[1,11,14]}","140078","81","77","SUCCESS","0.11999999999997613"
"138.11721466366555","138.23721466366553","16","12","{""a"":""in"",""s"":1,""nid"":-1760135182,""i"":""<<?r,Soldier15,?l,t,1,>>"",""psn"":[1,11,16]}","160062","81","61","SUCCESS","0.11999999999997613"
"138.11721466366555","138.23721466366553","12","15","{""a"":""in"",""s"":1,""nid"":-1760135182,""i"":""<<?r,Soldier15,?l,t,1,>>"",""psn"":[1,11,12]}","120074","81","73","SUCCESS","0.11999999999997613"
"138.11721466366555","138.23721466366553","13","12","{""a"":""in"",""s"":1,""nid"":-1760135182,""i"":""<<?r,Soldier15,?l,t,1,>>"",""psn"":[1,11,13]}","130076","81","75","SUCCESS","0.11999999999997613"
"138.11721466366555","138.23721466366553","15","14","{""a"":""in"",""s"":1,""nid"":-1760135182,""i"":""<<?r,Soldier15,?l,t,1,>>"",""psn"":[1,11,15]}","150069","81","68","SUCCESS","0.11999999999997613"
"138.11721466366555","138.23721466366553","13","15","{""a"":""in"",""s"":1,""nid"":-1760135182,""i"":""<<?r,Soldier15,?l,t,1,>>"",""psn"":[1,11,13]}","130077","81","76","SUCCESS","0.11999999999997613"
"138.11721466366555","138.23721466366553","16","13","{""a"":""in"",""s"":1,""nid"":-1760135182,""i"":""<<?r,Soldier15,?l,t,1,>>"",""psn"":[1,11,16]}","160063","81","62","SUCCESS","0.11999999999997613"
"138.11721466366555","138.23721466366553","13","16","{""a"":""in"",""s"":1,""nid"":-1760135182,""i"":""<<?r,Soldier15,?l,t,1,>>"",""psn"":[1,11,13]}","130075","81","74","SUCCESS","0.11999999999997613"
"138.11721466366555","138.23721466366553","15","11","{""a"":""inr"",""s"":1,""nid"":-1760135182,""i"":""<<Healthy,Soldier15,?l,t,1,>>"",""psn"":[15]}","150070","82","69","SUCCESS","0.11999999999997613"
"138.11721466366555","138.23721466366553","12","16","{""a"":""in"",""s"":1,""nid"":-1760135182,""i"":""<<?r,Soldier15,?l,t,1,>>"",""psn"":[1,11,12]}","120071","81","70","SUCCESS","0.11999999999997613"
"138.11721466366555","138.23721466366553","16","15","{""a"":""in"",""s"":1,""nid"":-1760135182,""i"":""<<?r,Soldier15,?l,t,1,>>"",""psn"":[1,11,16]}","160065","81","64","SUCCESS","0.11999999999997613"
"138.11721466366555","138.23721466366553","16","14","{""a"":""in"",""s"":1,""nid"":-1760135182,""i"":""<<?r,Soldier15,?l,t,1,>>"",""psn"":[1,11,16]}","160064","81","63","SUCCESS","0.11999999999997613"
"138.11721466366555","138.23721466366553","14","15","{""a"":""in"",""s"":1,""nid"":-1760135182,""i"":""<<?r,Soldier15,?l,t,1,>>"",""psn"":[1,11,14]}","140080","81","79","SUCCESS","0.11999999999997613"
"138.11721466366555","138.23721466366553","12","13","{""a"":""in"",""s"":1,""nid"":-1760135182,""i"":""<<?r,Soldier15,?l,t,1,>>"",""psn"":[1,11,12]}","120072","81","71","SUCCESS","0.11999999999997613"
"138.11721466366555","138.23721466366553","14","12","{""a"":""in"",""s"":1,""nid"":-1760135182,""i"":""<<?r,Soldier15,?l,t,1,>>"",""psn"":[1,11,14]}","140079","81","78","SUCCESS","0.11999999999997613"
"138.11721466366555","138.23721466366553","15","16","{""a"":""in"",""s"":1,""nid"":-1760135182,""i"":""<<?r,Soldier15,?l,t,1,>>"",""psn"":[1,11,15]}","150066","81","65","SUCCESS","0.11999999999997613"
"138.11721466366555","138.23721466366553","12","14","{""a"":""in"",""s"":1,""nid"":-1760135182,""i"":""<<?r,Soldier15,?l,t,1,>>"",""psn"":[1,11,12]}","120073","81","72","SUCCESS","0.11999999999997613"
"138.11721466366555","138.23721466366553","15","13","{""a"":""in"",""s"":1,""nid"":-1760135182,""i"":""<<?r,Soldier15,?l,t,1,>>"",""psn"":[1,11,15]}","150068","81","67","SUCCESS","0.11999999999997613"
"138.11721466366555","138.23721466366553","15","12","{""a"":""in"",""s"":1,""nid"":-1760135182,""i"":""<<?r,Soldier15,?l,t,1,>>"",""psn"":[1,11,15]}","150067","81","66","SUCCESS","0.11999999999997613"
"138.23721466366553","138.3572146636655","11","1","{""a"":""inr"",""s"":1,""nid"":-1760135182,""i"":""<<Healthy,Soldier15,?l,t,1,>>"",""psn"":[15]}","110082","82","81","SUCCESS","0.11999999999997613"
"138.23721466366553","138.3572146636655","11","1","{""a"":""inr"",""s"":1,""nid"":-1760135182,""i"":""<<Healthy,Soldier15,?l,t,1,>>"",""psn"":[15]}","110081","82","80","SUCCESS","0.11999999999997613"
"184.39380313947152","184.5138031394715","1","21","{""a"":""in"",""s"":1,""nid"":-216297041,""i"":""<<?r,Soldier15,?l,t,1,>>"",""psn"":[1]}","10083","74","82","SUCCESS","0.11999999999997613"
"184.42579535118554","184.54579535118552","1","22","{""a"":""in"",""s"":1,""nid"":-216297041,""i"":""<<?r,Soldier15,?l,t,1,>>"",""psn"":[1]}","10084","74","83","SUCCESS","0.11999999999997613"
"184.4345103078311","184.55451030783107","1","24","{""a"":""in"",""s"":1,""nid"":-216297041,""i"":""<<?r,Soldier15,?l,t,1,>>"",""psn"":[1]}","10085","74","84","SUCCESS","0.11999999999997613"
"184.4372146636674","184.55721466366737","1","11","{""a"":""in"",""s"":1,""nid"":-216297041,""i"":""<<?r,Soldier15,?l,t,1,>>"",""psn"":[1]}","10086","74","85","SUCCESS","0.11999999999997613"
"184.5138031394715","184.63380313947147","21","23","{""a"":""in"",""s"":1,""nid"":-216297041,""i"":""<<?r,Soldier15,?l,t,1,>>"",""psn"":[1,21]}","210087","77","86","SUCCESS","0.11999999999997613"
"184.5138031394715","184.63380313947147","21","25","{""a"":""in"",""s"":1,""nid"":-216297041,""i"":""<<?r,Soldier15,?l,t,1,>>"",""psn"":[1,21]}","210088","77","87","SUCCESS","0.11999999999997613"
"184.5138031394715","184.63380313947147","21","26","{""a"":""in"",""s"":1,""nid"":-216297041,""i"":""<<?r,Soldier15,?l,t,1,>>"",""psn"":[1,21]}","210089","77","88","SUCCESS","0.11999999999997613"
"184.54579535118552","184.6657953511855","22","24","{""a"":""in"",""s"":1,""nid"":-216297041,""i"":""<<?r,Soldier15,?l,t,1,>>"",""psn"":[1,22]}","220090","77","89","SUCCESS","0.11999999999997613"
"184.55451030783107","184.67451030783104","24","22","{""a"":""in"",""s"":1,""nid"":-216297041,""i"":""<<?r,Soldier15,?l,t,1,>>"",""psn"":[1,24]}","240091","77","90","SUCCESS","0.11999999999997613"
"184.55721466366737","184.67721466366734","11","16","{""a"":""in"",""s"":1,""nid"":-216297041,""i"":""<<?r,Soldier15,?l,t,1,>>"",""psn"":[1,11]}","110092","77","91","SUCCESS","0.11999999999997613"
"184.55721466366737","184.67721466366734","11","15","{""a"":""in"",""s"":1,""nid"":-216297041,""i"":""<<?r,Soldier15,?l,t,1,>>"",""psn"":[1,11]}","110096","77","95","SUCCESS","0.11999999999997613"
"184.55721466366737","184.67721466366734","11","14","{""a"":""in"",""s"":1,""nid"":-216297041,""i"":""<<?r,Soldier15,?l,t,1,>>"",""psn"":[1,11]}","110095","77","94","SUCCESS","0.11999999999997613"
"184.55721466366737","184.67721466366734","11","12","{""a"":""in"",""s"":1,""nid"":-216297041,""i"":""<<?r,Soldier15,?l,t,1,>>"",""psn"":[1,11]}","110093","77","92","SUCCESS","0.11999999999997613"
"184.55721466366737","184.67721466366734","11","13","{""a"":""in"",""s"":1,""nid"":-216297041,""i"":""<<?r,Soldier15,?l,t,1,>>"",""psn"":[1,11]}","110094","77","93","SUCCESS","0.11999999999997613"
"184.63380313947147","184.75380313947144","23","25","{""a"":""in"",""s"":1,""nid"":-216297041,""i"":""<<?r,Soldier15,?l,t,1,>>"",""psn"":[1,21,23]}","230097","80","96","SUCCESS","0.11999999999997613"
"184.63380313947147","184.75380313947144","26","23","{""a"":""in"",""s"":1,""nid"":-216297041,""i"":""<<?r,Soldier15,?l,t,1,>>"",""psn"":[1,21,26]}","260101","80","100","SUCCESS","0.11999999999997613"
"184.63380313947147","184.75380313947144","26","25","{""a"":""in"",""s"":1,""nid"":-216297041,""i"":""<<?r,Soldier15,?l,t,1,>>"",""psn"":[1,21,26]}","260102","80","101","SUCCESS","0.11999999999997613"
"184.63380313947147","184.75380313947144","25","26","{""a"":""in"",""s"":1,""nid"":-216297041,""i"":""<<?r,Soldier15,?l,t,1,>>"",""psn"":[1,21,25]}","250100","80","99","SUCCESS","0.11999999999997613"
"184.63380313947147","184.75380313947144","23","26","{""a"":""in"",""s"":1,""nid"":-216297041,""i"":""<<?r,Soldier15,?l,t,1,>>"",""psn"":[1,21,23]}","230098","80","97","SUCCESS","0.11999999999997613"
"184.63380313947147","184.75380313947144","25","23","{""a"":""in"",""s"":1,""nid"":-216297041,""i"":""<<?r,Soldier15,?l,t,1,>>"",""psn"":[1,21,25]}","250099","80","98","SUCCESS","0.11999999999997613"
"184.67721466366734","184.79721466366732","15","13","{""a"":""in"",""s"":1,""nid"":-216297041,""i"":""<<?r,Soldier15,?l,t,1,>>"",""psn"":[1,11,15]}","150109","80","108","SUCCESS","0.11999999999997613"
"184.67721466366734","184.79721466366732","16","15","{""a"":""in"",""s"":1,""nid"":-216297041,""i"":""<<?r,Soldier15,?l,t,1,>>"",""psn"":[1,11,16]}","160106","80","105","SUCCESS","0.11999999999997613"
"184.67721466366734","184.79721466366732","12","15","{""a"":""in"",""s"":1,""nid"":-216297041,""i"":""<<?r,Soldier15,?l,t,1,>>"",""psn"":[1,11,12]}","120118","80","117","SUCCESS","0.11999999999997613"
"184.67721466366734","184.79721466366732","13","16","{""a"":""in"",""s"":1,""nid"":-216297041,""i"":""<<?r,Soldier15,?l,t,1,>>"",""psn"":[1,11,13]}","130119","80","118","SUCCESS","0.11999999999997613"
"184.67721466366734","184.79721466366732","12","13","{""a"":""in"",""s"":1,""nid"":-216297041,""i"":""<<?r,Soldier15,?l,t,1,>>"",""psn"":[1,11,12]}","120116","80","115","SUCCESS","0.11999999999997613"
"184.67721466366734","184.79721466366732","16","14","{""a"":""in"",""s"":1,""nid"":-216297041,""i"":""<<?r,Soldier15,?l,t,1,>>"",""psn"":[1,11,16]}","160105","80","104","SUCCESS","0.11999999999997613"
"184.67721466366734","184.79721466366732","14","16","{""a"":""in"",""s"":1,""nid"":-216297041,""i"":""<<?r,Soldier15,?l,t,1,>>"",""psn"":[1,11,14]}","140112","80","111","SUCCESS","0.11999999999997613"
"184.67721466366734","184.79721466366732","15","11","{""a"":""inr"",""s"":1,""nid"":-216297041,""i"":""<<Minimal,Soldier15,?l,t,1,>>;<<Healthy,Soldier15,?l,t,1,>>"",""psn"":[15]}","150111","111","110","SUCCESS","0.11999999999997613"
"184.67721466366734","184.79721466366732","13","15","{""a"":""in"",""s"":1,""nid"":-216297041,""i"":""<<?r,Soldier15,?l,t,1,>>"",""psn"":[1,11,13]}","130121","80","120","SUCCESS","0.11999999999997613"
"184.67721466366734","184.79721466366732","12","14","{""a"":""in"",""s"":1,""nid"":-216297041,""i"":""<<?r,Soldier15,?l,t,1,>>"",""psn"":[1,11,12]}","120117","80","116","SUCCESS","0.11999999999997613"
"184.67721466366734","184.79721466366732","14","12","{""a"":""in"",""s"":1,""nid"":-216297041,""i"":""<<?r,Soldier15,?l,t,1,>>"",""psn"":[1,11,14]}","140113","80","112","SUCCESS","0.11999999999997613"
"184.67721466366734","184.79721466366732","16","12","{""a"":""in"",""s"":1,""nid"":-216297041,""i"":""<<?r,Soldier15,?l,t,1,>>"",""psn"":[1,11,16]}","160103","80","102","SUCCESS","0.11999999999997613"
"184.67721466366734","184.79721466366732","16","13","{""a"":""in"",""s"":1,""nid"":-216297041,""i"":""<<?r,Soldier15,?l,t,1,>>"",""psn"":[1,11,16]}","160104","80","103","SUCCESS","0.11999999999997613"
"184.67721466366734","184.79721466366732","15","12","{""a"":""in"",""s"":1,""nid"":-216297041,""i"":""<<?r,Soldier15,?l,t,1,>>"",""psn"":[1,11,15]}","150108","80","107","SUCCESS","0.11999999999997613"
"184.67721466366734","184.79721466366732","15","16","{""a"":""in"",""s"":1,""nid"":-216297041,""i"":""<<?r,Soldier15,?l,t,1,>>"",""psn"":[1,11,15]}","150107","80","106","SUCCESS","0.11999999999997613"
"184.67721466366734","184.79721466366732","13","12","{""a"":""in"",""s"":1,""nid"":-216297041,""i"":""<<?r,Soldier15,?l,t,1,>>"",""psn"":[1,11,13]}","130120","80","119","SUCCESS","0.11999999999997613"
"184.67721466366734","184.79721466366732","14","15","{""a"":""in"",""s"":1,""nid"":-216297041,""i"":""<<?r,Soldier15,?l,t,1,>>"",""psn"":[1,11,14]}","140114","80","113","SUCCESS","0.11999999999997613"
"184.67721466366734","184.79721466366732","15","14","{""a"":""in"",""s"":1,""nid"":-216297041,""i"":""<<?r,Soldier15,?l,t,1,>>"",""psn"":[1,11,15]}","150110","80","109","SUCCESS","0.11999999999997613"
"184.67721466366734","184.79721466366732","12","16","{""a"":""in"",""s"":1,""nid"":-216297041,""i"":""<<?r,Soldier15,?l,t,1,>>"",""psn"":[1,11,12]}","120115","80","114","SUCCESS","0.11999999999997613"
"184.79721466366732","184.9172146636673","11","1","{""a"":""inr"",""s"":1,""nid"":-216297041,""i"":""<<Minimal,Soldier15,?l,t,1,>>;<<Healthy,Soldier15,?l,t,1,>>"",""psn"":[15]}","110122","111","121","SUCCESS","0.11999999999997613"
"184.79721466366732","184.9172146636673","11","1","{""a"":""inr"",""s"":1,""nid"":-216297041,""i"":""<<Minimal,Soldier15,?l,t,1,>>;<<Healthy,Soldier15,?l,t,1,>>"",""psn"":[15]}","110123","111","122","SUCCESS","0.11999999999997613"
"312.87936685220393","312.99936685220393","1","21","{""a"":""in"",""s"":1,""nid"":1796851218,""i"":""<<Immediate,?o,?l,t,1,>>"",""psn"":[1]}","10124","74","123","SUCCESS","0.12000000000000455"
"312.95323057343745","313.07323057343746","1","22","{""a"":""in"",""s"":1,""nid"":1796851218,""i"":""<<Immediate,?o,?l,t,1,>>"",""psn"":[1]}","10125","74","124","SUCCESS","0.12000000000000455"
"312.95451030783596","313.07451030783596","1","24","{""a"":""in"",""s"":1,""nid"":1796851218,""i"":""<<Immediate,?o,?l,t,1,>>"",""psn"":[1]}","10126","74","125","SUCCESS","0.12000000000000455"
"312.99936685220393","313.11936685220394","21","23","{""a"":""in"",""s"":1,""nid"":1796851218,""i"":""<<Immediate,?o,?l,t,1,>>"",""psn"":[1,21]}","210127","77","126","SUCCESS","0.12000000000000455"
"312.99936685220393","313.11936685220394","1","11","{""a"":""in"",""s"":1,""nid"":1796851218,""i"":""<<Immediate,?o,?l,t,1,>>"",""psn"":[1]}","10128","74","127","SUCCESS","0.12000000000000455"
"312.99936685220393","313.11936685220394","21","1","{""a"":""inr"",""s"":1,""nid"":1796851218,""i"":""<<Immediate,?o,?l,t,1,>>"",""psn"":[21]}","210131","76","130","SUCCESS","0.12000000000000455"
"312.99936685220393","313.11936685220394","21","25","{""a"":""in"",""s"":1,""nid"":1796851218,""i"":""<<Immediate,?o,?l,t,1,>>"",""psn"":[1,21]}","210129","77","128","SUCCESS","0.12000000000000455"
"312.99936685220393","313.11936685220394","21","1","{""a"":""inr"",""s"":1,""nid"":1796851218,""i"":""<<Immediate,?o,?l,t,1,>>"",""psn"":[21]}","210132","76","131","SUCCESS","0.12000000000000455"
"312.99936685220393","313.11936685220394","21","26","{""a"":""in"",""s"":1,""nid"":1796851218,""i"":""<<Immediate,?o,?l,t,1,>>"",""psn"":[1,21]}","210130","77","129","SUCCESS","0.12000000000000455"
"313.07323057343746","313.19323057343746","22","1","{""a"":""inr"",""s"":1,""nid"":1796851218,""i"":""<<Immediate,?o,?l,t,1,>>"",""psn"":[22]}","220134","76","133","SUCCESS","0.12000000000000455"
"313.07323057343746","313.19323057343746","22","1","{""a"":""inr"",""s"":1,""nid"":1796851218,""i"":""<<Immediate,?o,?l,t,1,>>"",""psn"":[22]}","220135","76","134","SUCCESS","0.12000000000000455"
"313.07323057343746","313.19323057343746","22","24","{""a"":""in"",""s"":1,""nid"":1796851218,""i"":""<<Immediate,?o,?l,t,1,>>"",""psn"":[1,22]}","220133","77","132","SUCCESS","0.12000000000000455"
"313.07451030783596","313.19451030783597","24","1","{""a"":""inr"",""s"":1,""nid"":1796851218,""i"":""<<Immediate,?o,?l,t,1,>>"",""psn"":[24]}","240137","76","136","SUCCESS","0.12000000000000455"
"313.07451030783596","313.19451030783597","24","22","{""a"":""in"",""s"":1,""nid"":1796851218,""i"":""<<Immediate,?o,?l,t,1,>>"",""psn"":[1,24]}","240136","77","135","SUCCESS","0.12000000000000455"
"313.07451030783596","313.19451030783597","24","1","{""a"":""inr"",""s"":1,""nid"":1796851218,""i"":""<<Immediate,?o,?l,t,1,>>"",""psn"":[24]}","240138","76","137","SUCCESS","0.12000000000000455"
"313.11936685220394","313.23936685220394","23","21","{""a"":""inr"",""s"":1,""nid"":1796851218,""i"":""<<Immediate,?o,?l,t,1,>>"",""psn"":[23]}","230141","76","140","SUCCESS","0.12000000000000455"
"313.11936685220394","313.23936685220394","26","21","{""a"":""inr"",""s"":1,""nid"":1796851218,""i"":""<<Immediate,?o,?l,t,1,>>"",""psn"":[26]}","260154","76","153","SUCCESS","0.12000000000000455"
"313.11936685220394","313.23936685220394","23","25","{""a"":""in"",""s"":1,""nid"":1796851218,""i"":""<<Immediate,?o,?l,t,1,>>"",""psn"":[1,21,23]}","230139","80","138","SUCCESS","0.12000000000000455"
"313.11936685220394","313.23936685220394","11","15","{""a"":""in"",""s"":1,""nid"":1796851218,""i"":""<<Immediate,?o,?l,t,1,>>"",""psn"":[1,11]}","110146","77","145","SUCCESS","0.12000000000000455"
"313.11936685220394","313.23936685220394","11","1","{""a"":""inr"",""s"":1,""nid"":1796851218,""i"":""<<Immediate,?o,?l,t,1,>>"",""psn"":[11]}","110148","76","147","SUCCESS","0.12000000000000455"
"313.11936685220394","313.23936685220394","11","16","{""a"":""in"",""s"":1,""nid"":1796851218,""i"":""<<Immediate,?o,?l,t,1,>>"",""psn"":[1,11]}","110142","77","141","SUCCESS","0.12000000000000455"
"313.11936685220394","313.23936685220394","26","25","{""a"":""in"",""s"":1,""nid"":1796851218,""i"":""<<Immediate,?o,?l,t,1,>>"",""psn"":[1,21,26]}","260153","80","152","SUCCESS","0.12000000000000455"
"313.11936685220394","313.23936685220394","25","23","{""a"":""in"",""s"":1,""nid"":1796851218,""i"":""<<Immediate,?o,?l,t,1,>>"",""psn"":[1,21,25]}","250149","80","148","SUCCESS","0.12000000000000455"
"313.11936685220394","313.23936685220394","11","13","{""a"":""in"",""s"":1,""nid"":1796851218,""i"":""<<Immediate,?o,?l,t,1,>>"",""psn"":[1,11]}","110144","77","143","SUCCESS","0.12000000000000455"
"313.11936685220394","313.23936685220394","26","23","{""a"":""in"",""s"":1,""nid"":1796851218,""i"":""<<Immediate,?o,?l,t,1,>>"",""psn"":[1,21,26]}","260152","80","151","SUCCESS","0.12000000000000455"
"313.11936685220394","313.23936685220394","11","14","{""a"":""in"",""s"":1,""nid"":1796851218,""i"":""<<Immediate,?o,?l,t,1,>>"",""psn"":[1,11]}","110145","77","144","SUCCESS","0.12000000000000455"
"313.11936685220394","313.23936685220394","11","1","{""a"":""inr"",""s"":1,""nid"":1796851218,""i"":""<<Immediate,?o,?l,t,1,>>"",""psn"":[11]}","110147","76","146","SUCCESS","0.12000000000000455"
"313.11936685220394","313.23936685220394","25","21","{""a"":""inr"",""s"":1,""nid"":1796851218,""i"":""<<Immediate,?o,?l,t,1,>>"",""psn"":[25]}","250151","76","150","SUCCESS","0.12000000000000455"
"313.11936685220394","313.23936685220394","25","26","{""a"":""in"",""s"":1,""nid"":1796851218,""i"":""<<Immediate,?o,?l,t,1,>>"",""psn"":[1,21,25]}","250150","80","149","SUCCESS","0.12000000000000455"
"313.11936685220394","313.23936685220394","23","26","{""a"":""in"",""s"":1,""nid"":1796851218,""i"":""<<Immediate,?o,?l,t,1,>>"",""psn"":[1,21,23]}","230140","80","139","SUCCESS","0.12000000000000455"
"313.11936685220394","313.23936685220394","11","12","{""a"":""in"",""s"":1,""nid"":1796851218,""i"":""<<Immediate,?o,?l,t,1,>>"",""psn"":[1,11]}","110143","77","142","SUCCESS","0.12000000000000455"
"313.23936685220394","313.35936685220395","12","11","{""a"":""inr"",""s"":1,""nid"":1796851218,""i"":""<<Immediate,?o,?l,t,1,>>"",""psn"":[12]}","120183","76","182","SUCCESS","0.12000000000000455"
"313.23936685220394","313.35936685220395","12","16","{""a"":""in"",""s"":1,""nid"":1796851218,""i"":""<<Immediate,?o,?l,t,1,>>"",""psn"":[1,11,12]}","120179","80","178","SUCCESS","0.12000000000000455"
"313.23936685220394","313.35936685220395","21","1","{""a"":""inr"",""s"":1,""nid"":1796851218,""i"":""<<Immediate,?o,?l,t,1,>>"",""psn"":[25]}","210177","76","176","SUCCESS","0.12000000000000455"
"313.23936685220394","313.35936685220395","16","13","{""a"":""in"",""s"":1,""nid"":1796851218,""i"":""<<Immediate,?o,?l,t,1,>>"",""psn"":[1,11,16]}","160165","80","164","SUCCESS","0.12000000000000455"
"313.23936685220394","313.35936685220395","13","15","{""a"":""in"",""s"":1,""nid"":1796851218,""i"":""<<Immediate,?o,?l,t,1,>>"",""psn"":[1,11,13]}","130171","80","170","SUCCESS","0.12000000000000455"
"313.23936685220394","313.35936685220395","12","14","{""a"":""in"",""s"":1,""nid"":1796851218,""i"":""<<Immediate,?o,?l,t,1,>>"",""psn"":[1,11,12]}","120181","80","180","SUCCESS","0.12000000000000455"
"313.23936685220394","313.35936685220395","21","1","{""a"":""inr"",""s"":1,""nid"":1796851218,""i"":""<<Immediate,?o,?l,t,1,>>"",""psn"":[26]}","210158","76","157","SUCCESS","0.12000000000000455"
"313.23936685220394","313.35936685220395","21","1","{""a"":""inr"",""s"":1,""nid"":1796851218,""i"":""<<Immediate,?o,?l,t,1,>>"",""psn"":[26]}","210157","76","156","SUCCESS","0.12000000000000455"
"313.23936685220394","313.35936685220395","15","14","{""a"":""in"",""s"":1,""nid"":1796851218,""i"":""<<Immediate,?o,?l,t,1,>>"",""psn"":[1,11,15]}","150162","80","161","SUCCESS","0.12000000000000455"
"313.23936685220394","313.35936685220395","14","16","{""a"":""in"",""s"":1,""nid"":1796851218,""i"":""<<Immediate,?o,?l,t,1,>>"",""psn"":[1,11,14]}","140173","80","172","SUCCESS","0.12000000000000455"
"313.23936685220394","313.35936685220395","15","11","{""a"":""inr"",""s"":1,""nid"":1796851218,""i"":""<<Immediate,?o,?l,t,1,>>"",""psn"":[15]}","150163","76","162","SUCCESS","0.12000000000000455"
"313.23936685220394","313.35936685220395","14","11","{""a"":""inr"",""s"":1,""nid"":1796851218,""i"":""<<Immediate,?o,?l,t,1,>>"",""psn"":[14]}","140176","76","175","SUCCESS","0.12000000000000455"
"313.23936685220394","313.35936685220395","14","15","{""a"":""in"",""s"":1,""nid"":1796851218,""i"":""<<Immediate,?o,?l,t,1,>>"",""psn"":[1,11,14]}","140175","80","174","SUCCESS","0.12000000000000455"
"313.23936685220394","313.35936685220395","13","11","{""a"":""inr"",""s"":1,""nid"":1796851218,""i"":""<<Immediate,?o,?l,t,1,>>"",""psn"":[13]}","130172","76","171","SUCCESS","0.12000000000000455"
"313.23936685220394","313.35936685220395","12","15","{""a"":""in"",""s"":1,""nid"":1796851218,""i"":""<<Immediate,?o,?l,t,1,>>"",""psn"":[1,11,12]}","120182","80","181","SUCCESS","0.12000000000000455"
"313.23936685220394","313.35936685220395","15","16","{""a"":""in"",""s"":1,""nid"":1796851218,""i"":""<<Immediate,?o,?l,t,1,>>"",""psn"":[1,11,15]}","150159","80","158","SUCCESS","0.12000000000000455"
"313.23936685220394","313.35936685220395","21","1","{""a"":""inr"",""s"":1,""nid"":1796851218,""i"":""<<Immediate,?o,?l,t,1,>>"",""psn"":[23]}","210156","76","155","SUCCESS","0.12000000000000455"
"313.23936685220394","313.35936685220395","15","13","{""a"":""in"",""s"":1,""nid"":1796851218,""i"":""<<Immediate,?o,?l,t,1,>>"",""psn"":[1,11,15]}","150161","80","160","SUCCESS","0.12000000000000455"
"313.23936685220394","313.35936685220395","16","11","{""a"":""inr"",""s"":1,""nid"":1796851218,""i"":""<<Immediate,?o,?l,t,1,>>"",""psn"":[16]}","160168","76","167","SUCCESS","0.12000000000000455"
"313.23936685220394","313.35936685220395","16","15","{""a"":""in"",""s"":1,""nid"":1796851218,""i"":""<<Immediate,?o,?l,t,1,>>"",""psn"":[1,11,16]}","160167","80","166","SUCCESS","0.12000000000000455"
"313.23936685220394","313.35936685220395","15","12","{""a"":""in"",""s"":1,""nid"":1796851218,""i"":""<<Immediate,?o,?l,t,1,>>"",""psn"":[1,11,15]}","150160","80","159","SUCCESS","0.12000000000000455"
"313.23936685220394","313.35936685220395","21","1","{""a"":""inr"",""s"":1,""nid"":1796851218,""i"":""<<Immediate,?o,?l,t,1,>>"",""psn"":[23]}","210155","76","154","SUCCESS","0.12000000000000455"
"313.23936685220394","313.35936685220395","16","14","{""a"":""in"",""s"":1,""nid"":1796851218,""i"":""<<Immediate,?o,?l,t,1,>>"",""psn"":[1,11,16]}","160166","80","165","SUCCESS","0.12000000000000455"
"313.23936685220394","313.35936685220395","21","1","{""a"":""inr"",""s"":1,""nid"":1796851218,""i"":""<<Immediate,?o,?l,t,1,>>"",""psn"":[25]}","210178","76","177","SUCCESS","0.12000000000000455"
"313.23936685220394","313.35936685220395","13","12","{""a"":""in"",""s"":1,""nid"":1796851218,""i"":""<<Immediate,?o,?l,t,1,>>"",""psn"":[1,11,13]}","130170","80","169","SUCCESS","0.12000000000000455"
"313.23936685220394","313.35936685220395","12","13","{""a"":""in"",""s"":1,""nid"":1796851218,""i"":""<<Immediate,?o,?l,t,1,>>"",""psn"":[1,11,12]}","120180","80","179","SUCCESS","0.12000000000000455"
"313.23936685220394","313.35936685220395","16","12","{""a"":""in"",""s"":1,""nid"":1796851218,""i"":""<<Immediate,?o,?l,t,1,>>"",""psn"":[1,11,16]}","160164","80","163","SUCCESS","0.12000000000000455"
"313.23936685220394","313.35936685220395","13","16","{""a"":""in"",""s"":1,""nid"":1796851218,""i"":""<<Immediate,?o,?l,t,1,>>"",""psn"":[1,11,13]}","130169","80","168","SUCCESS","0.12000000000000455"
"313.23936685220394","313.35936685220395","14","12","{""a"":""in"",""s"":1,""nid"":1796851218,""i"":""<<Immediate,?o,?l,t,1,>>"",""psn"":[1,11,14]}","140174","80","173","SUCCESS","0.12000000000000455"
"313.35936685220395","313.47936685220395","11","1","{""a"":""inr"",""s"":1,""nid"":1796851218,""i"":""<<Immediate,?o,?l,t,1,>>"",""psn"":[15]}","110186","76","185","SUCCESS","0.12000000000000455"
"313.35936685220395","313.47936685220395","11","1","{""a"":""inr"",""s"":1,""nid"":1796851218,""i"":""<<Immediate,?o,?l,t,1,>>"",""psn"":[13]}","110191","76","190","SUCCESS","0.12000000000000455"
"313.35936685220395","313.47936685220395","11","1","{""a"":""inr"",""s"":1,""nid"":1796851218,""i"":""<<Immediate,?o,?l,t,1,>>"",""psn"":[14]}","110188","76","187","SUCCESS","0.12000000000000455"
"313.35936685220395","313.47936685220395","11","1","{""a"":""inr"",""s"":1,""nid"":1796851218,""i"":""<<Immediate,?o,?l,t,1,>>"",""psn"":[12]}","110185","76","184","SUCCESS","0.12000000000000455"
"313.35936685220395","313.47936685220395","11","1","{""a"":""inr"",""s"":1,""nid"":1796851218,""i"":""<<Immediate,?o,?l,t,1,>>"",""psn"":[14]}","110189","76","188","SUCCESS","0.12000000000000455"
"313.35936685220395","313.47936685220395","11","1","{""a"":""inr"",""s"":1,""nid"":1796851218,""i"":""<<Immediate,?o,?l,t,1,>>"",""psn"":[12]}","110184","76","183","SUCCESS","0.12000000000000455"
"313.35936685220395","313.47936685220395","11","1","{""a"":""inr"",""s"":1,""nid"":1796851218,""i"":""<<Immediate,?o,?l,t,1,>>"",""psn"":[15]}","110187","76","186","SUCCESS","0.12000000000000455"
"313.35936685220395","313.47936685220395","11","1","{""a"":""inr"",""s"":1,""nid"":1796851218,""i"":""<<Immediate,?o,?l,t,1,>>"",""psn"":[13]}","110190","76","189","SUCCESS","0.12000000000000455"
"313.35936685220395","313.47936685220395","11","1","{""a"":""inr"",""s"":1,""nid"":1796851218,""i"":""<<Immediate,?o,?l,t,1,>>"",""psn"":[16]}","110193","76","192","SUCCESS","0.12000000000000455"
"313.35936685220395","313.47936685220395","11","1","{""a"":""inr"",""s"":1,""nid"":1796851218,""i"":""<<Immediate,?o,?l,t,1,>>"",""psn"":[16]}","110192","76","191","SUCCESS","0.12000000000000455"
"324.76248899276015","324.88248899276016","1","21","{""a"":""in"",""s"":1,""nid"":411138969,""i"":""<<Minimal,?o,?l,t,1,>>"",""psn"":[1]}","10194","71","193","SUCCESS","0.12000000000000455"
"324.8229610637336","324.9429610637336","1","24","{""a"":""in"",""s"":1,""nid"":411138969,""i"":""<<Minimal,?o,?l,t,1,>>"",""psn"":[1]}","10196","71","195","SUCCESS","0.12000000000000455"
"324.8229610637336","324.9429610637336","1","22","{""a"":""in"",""s"":1,""nid"":411138969,""i"":""<<Minimal,?o,?l,t,1,>>"",""psn"":[1]}","10195","71","194","SUCCESS","0.12000000000000455"
"324.8647736962038","324.98477369620383","1","11","{""a"":""in"",""s"":1,""nid"":411138969,""i"":""<<Minimal,?o,?l,t,1,>>"",""psn"":[1]}","10197","71","196","SUCCESS","0.12000000000000455"
"324.88248899276016","325.00248899276016","21","25","{""a"":""in"",""s"":1,""nid"":411138969,""i"":""<<Minimal,?o,?l,t,1,>>"",""psn"":[1,21]}","210199","74","198","SUCCESS","0.12000000000000455"
"324.88248899276016","325.00248899276016","21","1","{""a"":""inr"",""s"":1,""nid"":411138969,""i"":""<<Minimal,?o,?l,t,1,>>"",""psn"":[21]}","210202","73","201","SUCCESS","0.12000000000000455"
"324.88248899276016","325.00248899276016","21","26","{""a"":""in"",""s"":1,""nid"":411138969,""i"":""<<Minimal,?o,?l,t,1,>>"",""psn"":[1,21]}","210200","74","199","SUCCESS","0.12000000000000455"
"324.88248899276016","325.00248899276016","21","1","{""a"":""inr"",""s"":1,""nid"":411138969,""i"":""<<Minimal,?o,?l,t,1,>>"",""psn"":[21]}","210201","73","200","SUCCESS","0.12000000000000455"
"324.88248899276016","325.00248899276016","21","23","{""a"":""in"",""s"":1,""nid"":411138969,""i"":""<<Minimal,?o,?l,t,1,>>"",""psn"":[1,21]}","210198","74","197","SUCCESS","0.12000000000000455"
"324.9429610637336","325.0629610637336","24","1","{""a"":""inr"",""s"":1,""nid"":411138969,""i"":""<<Minimal,?o,?l,t,1,>>"",""psn"":[24]}","240205","73","204","SUCCESS","0.12000000000000455"
"324.9429610637336","325.0629610637336","24","1","{""a"":""inr"",""s"":1,""nid"":411138969,""i"":""<<Minimal,?o,?l,t,1,>>"",""psn"":[24]}","240204","73","203","SUCCESS","0.12000000000000455"
"324.9429610637336","325.0629610637336","22","1","{""a"":""inr"",""s"":1,""nid"":411138969,""i"":""<<Minimal,?o,?l,t,1,>>"",""psn"":[22]}","220208","73","207","SUCCESS","0.12000000000000455"
"324.9429610637336","325.0629610637336","22","24","{""a"":""in"",""s"":1,""nid"":411138969,""i"":""<<Minimal,?o,?l,t,1,>>"",""psn"":[1,22]}","220206","74","205","SUCCESS","0.12000000000000455"
"324.9429610637336","325.0629610637336","24","22","{""a"":""in"",""s"":1,""nid"":411138969,""i"":""<<Minimal,?o,?l,t,1,>>"",""psn"":[1,24]}","240203","74","202","SUCCESS","0.12000000000000455"
"324.9429610637336","325.0629610637336","22","1","{""a"":""inr"",""s"":1,""nid"":411138969,""i"":""<<Minimal,?o,?l,t,1,>>"",""psn"":[22]}","220207","73","206","SUCCESS","0.12000000000000455"
"324.98477369620383","325.10477369620384","11","1","{""a"":""inr"",""s"":1,""nid"":411138969,""i"":""<<Minimal,?o,?l,t,1,>>"",""psn"":[11]}","110214","73","213","SUCCESS","0.12000000000000455"
"324.98477369620383","325.10477369620384","11","1","{""a"":""inr"",""s"":1,""nid"":411138969,""i"":""<<Minimal,?o,?l,t,1,>>"",""psn"":[11]}","110215","73","214","SUCCESS","0.12000000000000455"
"324.98477369620383","325.10477369620384","11","12","{""a"":""in"",""s"":1,""nid"":411138969,""i"":""<<Minimal,?o,?l,t,1,>>"",""psn"":[1,11]}","110210","74","209","SUCCESS","0.12000000000000455"
"324.98477369620383","325.10477369620384","11","14","{""a"":""in"",""s"":1,""nid"":411138969,""i"":""<<Minimal,?o,?l,t,1,>>"",""psn"":[1,11]}","110212","74","211","SUCCESS","0.12000000000000455"
"324.98477369620383","325.10477369620384","11","13","{""a"":""in"",""s"":1,""nid"":411138969,""i"":""<<Minimal,?o,?l,t,1,>>"",""psn"":[1,11]}","110211","74","210","SUCCESS","0.12000000000000455"
"324.98477369620383","325.10477369620384","11","15","{""a"":""in"",""s"":1,""nid"":411138969,""i"":""<<Minimal,?o,?l,t,1,>>"",""psn"":[1,11]}","110213","74","212","SUCCESS","0.12000000000000455"
"324.98477369620383","325.10477369620384","11","16","{""a"":""in"",""s"":1,""nid"":411138969,""i"":""<<Minimal,?o,?l,t,1,>>"",""psn"":[1,11]}","110209","74","208","SUCCESS","0.12000000000000455"
"325.00248899276016","325.12248899276017","25","23","{""a"":""in"",""s"":1,""nid"":411138969,""i"":""<<Minimal,?o,?l,t,1,>>"",""psn"":[1,21,25]}","250216","77","215","SUCCESS","0.12000000000000455"
"325.00248899276016","325.12248899276017","25","26","{""a"":""in"",""s"":1,""nid"":411138969,""i"":""<<Minimal,?o,?l,t,1,>>"",""psn"":[1,21,25]}","250217","77","216","SUCCESS","0.12000000000000455"
"325.00248899276016","325.12248899276017","25","21","{""a"":""inr"",""s"":1,""nid"":411138969,""i"":""<<Minimal,?o,?l,t,1,>>"",""psn"":[25]}","250218","73","217","SUCCESS","0.12000000000000455"
"325.00248899276016","325.12248899276017","23","21","{""a"":""inr"",""s"":1,""nid"":411138969,""i"":""<<Minimal,?o,?l,t,1,>>"",""psn"":[23]}","230224","73","223","SUCCESS","0.12000000000000455"
"325.00248899276016","325.12248899276017","26","25","{""a"":""in"",""s"":1,""nid"":411138969,""i"":""<<Minimal,?o,?l,t,1,>>"",""psn"":[1,21,26]}","260220","77","219","SUCCESS","0.12000000000000455"
"325.00248899276016","325.12248899276017","23","25","{""a"":""in"",""s"":1,""nid"":411138969,""i"":""<<Minimal,?o,?l,t,1,>>"",""psn"":[1,21,23]}","230222","77","221","SUCCESS","0.12000000000000455"
"325.00248899276016","325.12248899276017","26","23","{""a"":""in"",""s"":1,""nid"":411138969,""i"":""<<Minimal,?o,?l,t,1,>>"",""psn"":[1,21,26]}","260219","77","218","SUCCESS","0.12000000000000455"
"325.00248899276016","325.12248899276017","26","21","{""a"":""inr"",""s"":1,""nid"":411138969,""i"":""<<Minimal,?o,?l,t,1,>>"",""psn"":[26]}","260221","73","220","SUCCESS","0.12000000000000455"
"325.00248899276016","325.12248899276017","23","26","{""a"":""in"",""s"":1,""nid"":411138969,""i"":""<<Minimal,?o,?l,t,1,>>"",""psn"":[1,21,23]}","230223","77","222","SUCCESS","0.12000000000000455"
"325.10477369620384","325.22477369620384","14","11","{""a"":""inr"",""s"":1,""nid"":411138969,""i"":""<<Minimal,?o,?l,t,1,>>"",""psn"":[14]}","140233","73","232","SUCCESS","0.12000000000000455"
"325.10477369620384","325.22477369620384","13","15","{""a"":""in"",""s"":1,""nid"":411138969,""i"":""<<Minimal,?o,?l,t,1,>>"",""psn"":[1,11,13]}","130236","77","235","SUCCESS","0.12000000000000455"
"325.10477369620384","325.22477369620384","14","16","{""a"":""in"",""s"":1,""nid"":411138969,""i"":""<<Minimal,?o,?l,t,1,>>"",""psn"":[1,11,14]}","140230","77","229","SUCCESS","0.12000000000000455"
"325.10477369620384","325.22477369620384","16","11","{""a"":""inr"",""s"":1,""nid"":411138969,""i"":""<<Minimal,?o,?l,t,1,>>"",""psn"":[16]}","160247","73","246","SUCCESS","0.12000000000000455"
"325.10477369620384","325.22477369620384","14","12","{""a"":""in"",""s"":1,""nid"":411138969,""i"":""<<Minimal,?o,?l,t,1,>>"",""psn"":[1,11,14]}","140231","77","230","SUCCESS","0.12000000000000455"
"325.10477369620384","325.22477369620384","15","12","{""a"":""in"",""s"":1,""nid"":411138969,""i"":""<<Minimal,?o,?l,t,1,>>"",""psn"":[1,11,15]}","150239","77","238","SUCCESS","0.12000000000000455"
"325.10477369620384","325.22477369620384","13","11","{""a"":""inr"",""s"":1,""nid"":411138969,""i"":""<<Minimal,?o,?l,t,1,>>"",""psn"":[13]}","130237","73","236","SUCCESS","0.12000000000000455"
"325.10477369620384","325.22477369620384","14","15","{""a"":""in"",""s"":1,""nid"":411138969,""i"":""<<Minimal,?o,?l,t,1,>>"",""psn"":[1,11,14]}","140232","77","231","SUCCESS","0.12000000000000455"
"325.10477369620384","325.22477369620384","15","11","{""a"":""inr"",""s"":1,""nid"":411138969,""i"":""<<Minimal,?o,?l,t,1,>>"",""psn"":[15]}","150242","73","241","SUCCESS","0.12000000000000455"
"325.10477369620384","325.22477369620384","13","12","{""a"":""in"",""s"":1,""nid"":411138969,""i"":""<<Minimal,?o,?l,t,1,>>"",""psn"":[1,11,13]}","130235","77","234","SUCCESS","0.12000000000000455"
"325.10477369620384","325.22477369620384","12","11","{""a"":""inr"",""s"":1,""nid"":411138969,""i"":""<<Minimal,?o,?l,t,1,>>"",""psn"":[12]}","120229","73","228","SUCCESS","0.12000000000000455"
"325.10477369620384","325.22477369620384","12","16","{""a"":""in"",""s"":1,""nid"":411138969,""i"":""<<Minimal,?o,?l,t,1,>>"",""psn"":[1,11,12]}","120225","77","224","SUCCESS","0.12000000000000455"
"325.10477369620384","325.22477369620384","16","15","{""a"":""in"",""s"":1,""nid"":411138969,""i"":""<<Minimal,?o,?l,t,1,>>"",""psn"":[1,11,16]}","160246","77","245","SUCCESS","0.12000000000000455"
"325.10477369620384","325.22477369620384","13","16","{""a"":""in"",""s"":1,""nid"":411138969,""i"":""<<Minimal,?o,?l,t,1,>>"",""psn"":[1,11,13]}","130234","77","233","SUCCESS","0.12000000000000455"
"325.10477369620384","325.22477369620384","15","13","{""a"":""in"",""s"":1,""nid"":411138969,""i"":""<<Minimal,?o,?l,t,1,>>"",""psn"":[1,11,15]}","150240","77","239","SUCCESS","0.12000000000000455"
"325.10477369620384","325.22477369620384","16","14","{""a"":""in"",""s"":1,""nid"":411138969,""i"":""<<Minimal,?o,?l,t,1,>>"",""psn"":[1,11,16]}","160245","77","244","SUCCESS","0.12000000000000455"
"325.10477369620384","325.22477369620384","16","13","{""a"":""in"",""s"":1,""nid"":411138969,""i"":""<<Minimal,?o,?l,t,1,>>"",""psn"":[1,11,16]}","160244","77","243","SUCCESS","0.12000000000000455"
"325.10477369620384","325.22477369620384","12","13","{""a"":""in"",""s"":1,""nid"":411138969,""i"":""<<Minimal,?o,?l,t,1,>>"",""psn"":[1,11,12]}","120226","77","225","SUCCESS","0.12000000000000455"
"325.10477369620384","325.22477369620384","15","16","{""a"":""in"",""s"":1,""nid"":411138969,""i"":""<<Minimal,?o,?l,t,1,>>"",""psn"":[1,11,15]}","150238","77","237","SUCCESS","0.12000000000000455"
"325.10477369620384","325.22477369620384","12","14","{""a"":""in"",""s"":1,""nid"":411138969,""i"":""<<Minimal,?o,?l,t,1,>>"",""psn"":[1,11,12]}","120227","77","226","SUCCESS","0.12000000000000455"
"325.10477369620384","325.22477369620384","15","14","{""a"":""in"",""s"":1,""nid"":411138969,""i"":""<<Minimal,?o,?l,t,1,>>"",""psn"":[1,11,15]}","150241","77","240","SUCCESS","0.12000000000000455"
"325.10477369620384","325.22477369620384","16","12","{""a"":""in"",""s"":1,""nid"":411138969,""i"":""<<Minimal,?o,?l,t,1,>>"",""psn"":[1,11,16]}","160243","77","242","SUCCESS","0.12000000000000455"
"325.10477369620384","325.22477369620384","12","15","{""a"":""in"",""s"":1,""nid"":411138969,""i"":""<<Minimal,?o,?l,t,1,>>"",""psn"":[1,11,12]}","120228","77","227","SUCCESS","0.12000000000000455"
"325.12248899276017","325.2424889927602","21","1","{""a"":""inr"",""s"":1,""nid"":411138969,""i"":""<<Minimal,?o,?l,t,1,>>"",""psn"":[23]}","210251","73","250","SUCCESS","0.12000000000000455"
"325.12248899276017","325.2424889927602","21","1","{""a"":""inr"",""s"":1,""nid"":411138969,""i"":""<<Minimal,?o,?l,t,1,>>"",""psn"":[26]}","210252","73","251","SUCCESS","0.12000000000000455"
"325.12248899276017","325.2424889927602","21","1","{""a"":""inr"",""s"":1,""nid"":411138969,""i"":""<<Minimal,?o,?l,t,1,>>"",""psn"":[25]}","210249","73","248","SUCCESS","0.12000000000000455"
"325.12248899276017","325.2424889927602","21","1","{""a"":""inr"",""s"":1,""nid"":411138969,""i"":""<<Minimal,?o,?l,t,1,>>"",""psn"":[23]}","210250","73","249","SUCCESS","0.12000000000000455"
"325.12248899276017","325.2424889927602","21","1","{""a"":""inr"",""s"":1,""nid"":411138969,""i"":""<<Minimal,?o,?l,t,1,>>"",""psn"":[26]}","210253","73","252","SUCCESS","0.12000000000000455"
"325.12248899276017","325.2424889927602","21","1","{""a"":""inr"",""s"":1,""nid"":411138969,""i"":""<<Minimal,?o,?l,t,1,>>"",""psn"":[25]}","210248","73","247","SUCCESS","0.12000000000000455"
"325.22477369620384","325.34477369620384","11","1","{""a"":""inr"",""s"":1,""nid"":411138969,""i"":""<<Minimal,?o,?l,t,1,>>"",""psn"":[15]}","110261","73","260","SUCCESS","0.12000000000000455"
"325.22477369620384","325.34477369620384","11","1","{""a"":""inr"",""s"":1,""nid"":411138969,""i"":""<<Minimal,?o,?l,t,1,>>"",""psn"":[13]}","110259","73","258","SUCCESS","0.12000000000000455"
"325.22477369620384","325.34477369620384","11","1","{""a"":""inr"",""s"":1,""nid"":411138969,""i"":""<<Minimal,?o,?l,t,1,>>"",""psn"":[16]}","110257","73","256","SUCCESS","0.12000000000000455"
"325.22477369620384","325.34477369620384","11","1","{""a"":""inr"",""s"":1,""nid"":411138969,""i"":""<<Minimal,?o,?l,t,1,>>"",""psn"":[13]}","110258","73","257","SUCCESS","0.12000000000000455"
"325.22477369620384","325.34477369620384","11","1","{""a"":""inr"",""s"":1,""nid"":411138969,""i"":""<<Minimal,?o,?l,t,1,>>"",""psn"":[16]}","110256","73","255","SUCCESS","0.12000000000000455"
"325.22477369620384","325.34477369620384","11","1","{""a"":""inr"",""s"":1,""nid"":411138969,""i"":""<<Minimal,?o,?l,t,1,>>"",""psn"":[12]}","110262","73","261","SUCCESS","0.12000000000000455"
"325.22477369620384","325.34477369620384","1","22","{""a"":""in"",""s"":1,""nid"":-555636844,""i"":""<<Delayed,?o,?l,t,1,>>"",""psn"":[1]}","10265","72","264","SUCCESS","0.12000000000000455"
"325.22477369620384","325.34477369620384","11","1","{""a"":""inr"",""s"":1,""nid"":411138969,""i"":""<<Minimal,?o,?l,t,1,>>"",""psn"":[14]}","110255","73","254","SUCCESS","0.12000000000000455"
"325.22477369620384","325.34477369620384","11","1","{""a"":""inr"",""s"":1,""nid"":411138969,""i"":""<<Minimal,?o,?l,t,1,>>"",""psn"":[15]}","110260","73","259","SUCCESS","0.12000000000000455"
"325.22477369620384","325.34477369620384","1","11","{""a"":""in"",""s"":1,""nid"":-555636844,""i"":""<<Delayed,?o,?l,t,1,>>"",""psn"":[1]}","10267","72","266","SUCCESS","0.12000000000000455"
"325.22477369620384","325.34477369620384","1","21","{""a"":""in"",""s"":1,""nid"":-555636844,""i"":""<<Delayed,?o,?l,t,1,>>"",""psn"":[1]}","10264","72","263","SUCCESS","0.12000000000000455"
"325.22477369620384","325.34477369620384","1","24","{""a"":""in"",""s"":1,""nid"":-555636844,""i"":""<<Delayed,?o,?l,t,1,>>"",""psn"":[1]}","10266","72","265","SUCCESS","0.12000000000000455"
"325.22477369620384","325.34477369620384","11","1","{""a"":""inr"",""s"":1,""nid"":411138969,""i"":""<<Minimal,?o,?l,t,1,>>"",""psn"":[12]}","110263","73","262","SUCCESS","0.12000000000000455"
"325.22477369620384","325.34477369620384","11","1","{""a"":""inr"",""s"":1,""nid"":411138969,""i"":""<<Minimal,?o,?l,t,1,>>"",""psn"":[14]}","110254","73","253","SUCCESS","0.12000000000000455"
"325.34477369620384","325.46477369620385","11","13","{""a"":""in"",""s"":1,""nid"":-555636844,""i"":""<<Delayed,?o,?l,t,1,>>"",""psn"":[1,11]}","110273","75","272","SUCCESS","0.12000000000000455"
"325.34477369620384","325.46477369620385","22","1","{""a"":""inr"",""s"":1,""nid"":-555636844,""i"":""<<Delayed,?o,?l,t,1,>>"",""psn"":[22]}","220270","74","269","SUCCESS","0.12000000000000455"
"325.34477369620384","325.46477369620385","24","22","{""a"":""in"",""s"":1,""nid"":-555636844,""i"":""<<Delayed,?o,?l,t,1,>>"",""psn"":[1,24]}","240283","75","282","SUCCESS","0.12000000000000455"
"325.34477369620384","325.46477369620385","22","24","{""a"":""in"",""s"":1,""nid"":-555636844,""i"":""<<Delayed,?o,?l,t,1,>>"",""psn"":[1,22]}","220268","75","267","SUCCESS","0.12000000000000455"
"325.34477369620384","325.46477369620385","11","1","{""a"":""inr"",""s"":1,""nid"":-555636844,""i"":""<<Delayed,?o,?l,t,1,>>"",""psn"":[11]}","110276","74","275","SUCCESS","0.12000000000000455"
"325.34477369620384","325.46477369620385","11","14","{""a"":""in"",""s"":1,""nid"":-555636844,""i"":""<<Delayed,?o,?l,t,1,>>"",""psn"":[1,11]}","110274","75","273","SUCCESS","0.12000000000000455"
"325.34477369620384","325.46477369620385","21","1","{""a"":""inr"",""s"":1,""nid"":-555636844,""i"":""<<Delayed,?o,?l,t,1,>>"",""psn"":[21]}","210282","74","281","SUCCESS","0.12000000000000455"
"325.34477369620384","325.46477369620385","21","1","{""a"":""inr"",""s"":1,""nid"":-555636844,""i"":""<<Delayed,?o,?l,t,1,>>"",""psn"":[21]}","210281","74","280","SUCCESS","0.12000000000000455"
"325.34477369620384","325.46477369620385","22","1","{""a"":""inr"",""s"":1,""nid"":-555636844,""i"":""<<Delayed,?o,?l,t,1,>>"",""psn"":[22]}","220269","74","268","SUCCESS","0.12000000000000455"
"325.34477369620384","325.46477369620385","11","12","{""a"":""in"",""s"":1,""nid"":-555636844,""i"":""<<Delayed,?o,?l,t,1,>>"",""psn"":[1,11]}","110272","75","271","SUCCESS","0.12000000000000455"
"325.34477369620384","325.46477369620385","21","23","{""a"":""in"",""s"":1,""nid"":-555636844,""i"":""<<Delayed,?o,?l,t,1,>>"",""psn"":[1,21]}","210278","75","277","SUCCESS","0.12000000000000455"
"325.34477369620384","325.46477369620385","21","26","{""a"":""in"",""s"":1,""nid"":-555636844,""i"":""<<Delayed,?o,?l,t,1,>>"",""psn"":[1,21]}","210280","75","279","SUCCESS","0.12000000000000455"
"325.34477369620384","325.46477369620385","21","25","{""a"":""in"",""s"":1,""nid"":-555636844,""i"":""<<Delayed,?o,?l,t,1,>>"",""psn"":[1,21]}","210279","75","278","SUCCESS","0.12000000000000455"
"325.34477369620384","325.46477369620385","24","1","{""a"":""inr"",""s"":1,""nid"":-555636844,""i"":""<<Delayed,?o,?l,t,1,>>"",""psn"":[24]}","240285","74","284","SUCCESS","0.12000000000000455"
"325.34477369620384","325.46477369620385","24","1","{""a"":""inr"",""s"":1,""nid"":-555636844,""i"":""<<Delayed,?o,?l,t,1,>>"",""psn"":[24]}","240284","74","283","SUCCESS","0.12000000000000455"
"325.34477369620384","325.46477369620385","11","15","{""a"":""in"",""s"":1,""nid"":-555636844,""i"":""<<Delayed,?o,?l,t,1,>>"",""psn"":[1,11]}","110275","75","274","SUCCESS","0.12000000000000455"
"325.34477369620384","325.46477369620385","11","16","{""a"":""in"",""s"":1,""nid"":-555636844,""i"":""<<Delayed,?o,?l,t,1,>>"",""psn"":[1,11]}","110271","75","270","SUCCESS","0.12000000000000455"
"325.34477369620384","325.46477369620385","11","1","{""a"":""inr"",""s"":1,""nid"":-555636844,""i"":""<<Delayed,?o,?l,t,1,>>"",""psn"":[11]}","110277","74","276","SUCCESS","0.12000000000000455"
"325.46477369620385","325.58477369620385","13","11","{""a"":""inr"",""s"":1,""nid"":-555636844,""i"":""<<Delayed,?o,?l,t,1,>>"",""psn"":[13]}","130289","74","288","SUCCESS","0.12000000000000455"
"325.46477369620385","325.58477369620385","25","23","{""a"":""in"",""s"":1,""nid"":-555636844,""i"":""<<Delayed,?o,?l,t,1,>>"",""psn"":[1,21,25]}","250305","78","304","SUCCESS","0.12000000000000455"
"325.46477369620385","325.58477369620385","15","12","{""a"":""in"",""s"":1,""nid"":-555636844,""i"":""<<Delayed,?o,?l,t,1,>>"",""psn"":[1,11,15]}","150309","78","308","SUCCESS","0.12000000000000455"
"325.46477369620385","325.58477369620385","26","25","{""a"":""in"",""s"":1,""nid"":-555636844,""i"":""<<Delayed,?o,?l,t,1,>>"",""psn"":[1,21,26]}","260303","78","302","SUCCESS","0.12000000000000455"
"325.46477369620385","325.58477369620385","16","11","{""a"":""inr"",""s"":1,""nid"":-555636844,""i"":""<<Delayed,?o,?l,t,1,>>"",""psn"":[16]}","160317","74","316","SUCCESS","0.12000000000000455"
"325.46477369620385","325.58477369620385","12","13","{""a"":""in"",""s"":1,""nid"":-555636844,""i"":""<<Delayed,?o,?l,t,1,>>"",""psn"":[1,11,12]}","120295","78","294","SUCCESS","0.12000000000000455"
"325.46477369620385","325.58477369620385","13","12","{""a"":""in"",""s"":1,""nid"":-555636844,""i"":""<<Delayed,?o,?l,t,1,>>"",""psn"":[1,11,13]}","130287","78","286","SUCCESS","0.12000000000000455"
"325.46477369620385","325.58477369620385","15","11","{""a"":""inr"",""s"":1,""nid"":-555636844,""i"":""<<Delayed,?o,?l,t,1,>>"",""psn"":[15]}","150312","74","311","SUCCESS","0.12000000000000455"
"325.46477369620385","325.58477369620385","25","21","{""a"":""inr"",""s"":1,""nid"":-555636844,""i"":""<<Delayed,?o,?l,t,1,>>"",""psn"":[25]}","250307","74","306","SUCCESS","0.12000000000000455"
"325.46477369620385","325.58477369620385","16","15","{""a"":""in"",""s"":1,""nid"":-555636844,""i"":""<<Delayed,?o,?l,t,1,>>"",""psn"":[1,11,16]}","160316","78","315","SUCCESS","0.12000000000000455"
"325.46477369620385","325.58477369620385","13","15","{""a"":""in"",""s"":1,""nid"":-555636844,""i"":""<<Delayed,?o,?l,t,1,>>"",""psn"":[1,11,13]}","130288","78","287","SUCCESS","0.12000000000000455"
"325.46477369620385","325.58477369620385","26","21","{""a"":""inr"",""s"":1,""nid"":-555636844,""i"":""<<Delayed,?o,?l,t,1,>>"",""psn"":[26]}","260304","74","303","SUCCESS","0.12000000000000455"
"325.46477369620385","325.58477369620385","15","16","{""a"":""in"",""s"":1,""nid"":-555636844,""i"":""<<Delayed,?o,?l,t,1,>>"",""psn"":[1,11,15]}","150308","78","307","SUCCESS","0.12000000000000455"
"325.46477369620385","325.58477369620385","12","14","{""a"":""in"",""s"":1,""nid"":-555636844,""i"":""<<Delayed,?o,?l,t,1,>>"",""psn"":[1,11,12]}","120296","78","295","SUCCESS","0.12000000000000455"
"325.46477369620385","325.58477369620385","14","12","{""a"":""in"",""s"":1,""nid"":-555636844,""i"":""<<Delayed,?o,?l,t,1,>>"",""psn"":[1,11,14]}","140291","78","290","SUCCESS","0.12000000000000455"
"325.46477369620385","325.58477369620385","14","16","{""a"":""in"",""s"":1,""nid"":-555636844,""i"":""<<Delayed,?o,?l,t,1,>>"",""psn"":[1,11,14]}","140290","78","289","SUCCESS","0.12000000000000455"
"325.46477369620385","325.58477369620385","12","11","{""a"":""inr"",""s"":1,""nid"":-555636844,""i"":""<<Delayed,?o,?l,t,1,>>"",""psn"":[12]}","120298","74","297","SUCCESS","0.12000000000000455"
"325.46477369620385","325.58477369620385","14","15","{""a"":""in"",""s"":1,""nid"":-555636844,""i"":""<<Delayed,?o,?l,t,1,>>"",""psn"":[1,11,14]}","140292","78","291","SUCCESS","0.12000000000000455"
"325.46477369620385","325.58477369620385","15","13","{""a"":""in"",""s"":1,""nid"":-555636844,""i"":""<<Delayed,?o,?l,t,1,>>"",""psn"":[1,11,15]}","150310","78","309","SUCCESS","0.12000000000000455"
"325.46477369620385","325.58477369620385","13","16","{""a"":""in"",""s"":1,""nid"":-555636844,""i"":""<<Delayed,?o,?l,t,1,>>"",""psn"":[1,11,13]}","130286","78","285","SUCCESS","0.12000000000000455"
"325.46477369620385","325.58477369620385","15","14","{""a"":""in"",""s"":1,""nid"":-555636844,""i"":""<<Delayed,?o,?l,t,1,>>"",""psn"":[1,11,15]}","150311","78","310","SUCCESS","0.12000000000000455"
"325.46477369620385","325.58477369620385","14","11","{""a"":""inr"",""s"":1,""nid"":-555636844,""i"":""<<Delayed,?o,?l,t,1,>>"",""psn"":[14]}","140293","74","292","SUCCESS","0.12000000000000455"
"325.46477369620385","325.58477369620385","23","26","{""a"":""in"",""s"":1,""nid"":-555636844,""i"":""<<Delayed,?o,?l,t,1,>>"",""psn"":[1,21,23]}","230300","78","299","SUCCESS","0.12000000000000455"
"325.46477369620385","325.58477369620385","16","14","{""a"":""in"",""s"":1,""nid"":-555636844,""i"":""<<Delayed,?o,?l,t,1,>>"",""psn"":[1,11,16]}","160315","78","314","SUCCESS","0.12000000000000455"
"325.46477369620385","325.58477369620385","23","21","{""a"":""inr"",""s"":1,""nid"":-555636844,""i"":""<<Delayed,?o,?l,t,1,>>"",""psn"":[23]}","230301","74","300","SUCCESS","0.12000000000000455"
"325.46477369620385","325.58477369620385","16","13","{""a"":""in"",""s"":1,""nid"":-555636844,""i"":""<<Delayed,?o,?l,t,1,>>"",""psn"":[1,11,16]}","160314","78","313","SUCCESS","0.12000000000000455"
"325.46477369620385","325.58477369620385","12","15","{""a"":""in"",""s"":1,""nid"":-555636844,""i"":""<<Delayed,?o,?l,t,1,>>"",""psn"":[1,11,12]}","120297","78","296","SUCCESS","0.12000000000000455"
"325.46477369620385","325.58477369620385","26","23","{""a"":""in"",""s"":1,""nid"":-555636844,""i"":""<<Delayed,?o,?l,t,1,>>"",""psn"":[1,21,26]}","260302","78","301","SUCCESS","0.12000000000000455"
"325.46477369620385","325.58477369620385","23","25","{""a"":""in"",""s"":1,""nid"":-555636844,""i"":""<<Delayed,?o,?l,t,1,>>"",""psn"":[1,21,23]}","230299","78","298","SUCCESS","0.12000000000000455"
"325.46477369620385","325.58477369620385","12","16","{""a"":""in"",""s"":1,""nid"":-555636844,""i"":""<<Delayed,?o,?l,t,1,>>"",""psn"":[1,11,12]}","120294","78","293","SUCCESS","0.12000000000000455"
"325.46477369620385","325.58477369620385","25","26","{""a"":""in"",""s"":1,""nid"":-555636844,""i"":""<<Delayed,?o,?l,t,1,>>"",""psn"":[1,21,25]}","250306","78","305","SUCCESS","0.12000000000000455"
"325.46477369620385","325.58477369620385","16","12","{""a"":""in"",""s"":1,""nid"":-555636844,""i"":""<<Delayed,?o,?l,t,1,>>"",""psn"":[1,11,16]}","160313","78","312","SUCCESS","0.12000000000000455"
"325.58477369620385","325.70477369620386","11","1","{""a"":""inr"",""s"":1,""nid"":-555636844,""i"":""<<Delayed,?o,?l,t,1,>>"",""psn"":[12]}","110328","74","327","SUCCESS","0.12000000000000455"
"325.58477369620385","325.70477369620386","11","1","{""a"":""inr"",""s"":1,""nid"":-555636844,""i"":""<<Delayed,?o,?l,t,1,>>"",""psn"":[14]}","110332","74","331","SUCCESS","0.12000000000000455"
"325.58477369620385","325.70477369620386","11","1","{""a"":""inr"",""s"":1,""nid"":-555636844,""i"":""<<Delayed,?o,?l,t,1,>>"",""psn"":[15]}","110322","74","321","SUCCESS","0.12000000000000455"
"325.58477369620385","325.70477369620386","1","24","{""a"":""in"",""s"":1,""nid"":-1135087220,""i"":""<<Healthy,?o,?l,t,1,>>"",""psn"":[1]}","10334","73","333","SUCCESS","0.12000000000000455"
"325.58477369620385","325.70477369620386","11","1","{""a"":""inr"",""s"":1,""nid"":-555636844,""i"":""<<Delayed,?o,?l,t,1,>>"",""psn"":[16]}","110320","74","319","SUCCESS","0.12000000000000455"
"325.58477369620385","325.70477369620386","11","1","{""a"":""inr"",""s"":1,""nid"":-555636844,""i"":""<<Delayed,?o,?l,t,1,>>"",""psn"":[13]}","110319","74","318","SUCCESS","0.12000000000000455"
"325.58477369620385","325.70477369620386","21","1","{""a"":""inr"",""s"":1,""nid"":-555636844,""i"":""<<Delayed,?o,?l,t,1,>>"",""psn"":[26]}","210326","74","325","SUCCESS","0.12000000000000455"
"325.58477369620385","325.70477369620386","21","1","{""a"":""inr"",""s"":1,""nid"":-555636844,""i"":""<<Delayed,?o,?l,t,1,>>"",""psn"":[25]}","210325","74","324","SUCCESS","0.12000000000000455"
"325.58477369620385","325.70477369620386","21","1","{""a"":""inr"",""s"":1,""nid"":-555636844,""i"":""<<Delayed,?o,?l,t,1,>>"",""psn"":[26]}","210327","74","326","SUCCESS","0.12000000000000455"
"325.58477369620385","325.70477369620386","11","1","{""a"":""inr"",""s"":1,""nid"":-555636844,""i"":""<<Delayed,?o,?l,t,1,>>"",""psn"":[14]}","110330","74","329","SUCCESS","0.12000000000000455"
"325.58477369620385","325.70477369620386","21","1","{""a"":""inr"",""s"":1,""nid"":-555636844,""i"":""<<Delayed,?o,?l,t,1,>>"",""psn"":[23]}","210336","74","335","SUCCESS","0.12000000000000455"
"325.58477369620385","325.70477369620386","11","1","{""a"":""inr"",""s"":1,""nid"":-555636844,""i"":""<<Delayed,?o,?l,t,1,>>"",""psn"":[16]}","110321","74","320","SUCCESS","0.12000000000000455"
"325.58477369620385","325.70477369620386","11","1","{""a"":""inr"",""s"":1,""nid"":-555636844,""i"":""<<Delayed,?o,?l,t,1,>>"",""psn"":[12]}","110329","74","328","SUCCESS","0.12000000000000455"
"325.58477369620385","325.70477369620386","1","22","{""a"":""in"",""s"":1,""nid"":-1135087220,""i"":""<<Healthy,?o,?l,t,1,>>"",""psn"":[1]}","10333","73","332","SUCCESS","0.12000000000000455"
"325.58477369620385","325.70477369620386","21","1","{""a"":""inr"",""s"":1,""nid"":-555636844,""i"":""<<Delayed,?o,?l,t,1,>>"",""psn"":[25]}","210324","74","323","SUCCESS","0.12000000000000455"
"325.58477369620385","325.70477369620386","11","1","{""a"":""inr"",""s"":1,""nid"":-555636844,""i"":""<<Delayed,?o,?l,t,1,>>"",""psn"":[15]}","110323","74","322","SUCCESS","0.12000000000000455"
"325.58477369620385","325.70477369620386","1","11","{""a"":""in"",""s"":1,""nid"":-1135087220,""i"":""<<Healthy,?o,?l,t,1,>>"",""psn"":[1]}","10335","73","334","SUCCESS","0.12000000000000455"
"325.58477369620385","325.70477369620386","1","21","{""a"":""in"",""s"":1,""nid"":-1135087220,""i"":""<<Healthy,?o,?l,t,1,>>"",""psn"":[1]}","10331","73","330","SUCCESS","0.12000000000000455"
"325.58477369620385","325.70477369620386","11","1","{""a"":""inr"",""s"":1,""nid"":-555636844,""i"":""<<Delayed,?o,?l,t,1,>>"",""psn"":[13]}","110318","74","317","SUCCESS","0.12000000000000455"
"325.58477369620385","325.70477369620386","21","1","{""a"":""inr"",""s"":1,""nid"":-555636844,""i"":""<<Delayed,?o,?l,t,1,>>"",""psn"":[23]}","210337","74","336","SUCCESS","0.12000000000000455"
"325.70477369620386","325.82477369620386","11","13","{""a"":""in"",""s"":1,""nid"":-1135087220,""i"":""<<Healthy,?o,?l,t,1,>>"",""psn"":[1,11]}","110346","76","345","SUCCESS","0.12000000000000455"
"325.70477369620386","325.82477369620386","11","12","{""a"":""in"",""s"":1,""nid"":-1135087220,""i"":""<<Healthy,?o,?l,t,1,>>"",""psn"":[1,11]}","110345","76","344","SUCCESS","0.12000000000000455"
"325.70477369620386","325.82477369620386","21","1","{""a"":""inr"",""s"":1,""nid"":-1135087220,""i"":""<<Healthy,?o,Soldier21,?l,t,1,>>"",""psn"":[21]}","210355","85","354","SUCCESS","0.12000000000000455"
"325.70477369620386","325.82477369620386","24","1","{""a"":""inr"",""s"":1,""nid"":-1135087220,""i"":""<<Healthy,?o,Soldier24,?l,t,1,>>"",""psn"":[24]}","240339","85","338","SUCCESS","0.12000000000000455"
"325.70477369620386","325.82477369620386","21","23","{""a"":""in"",""s"":1,""nid"":-1135087220,""i"":""<<Healthy,?o,?l,t,1,>>"",""psn"":[1,21]}","210351","76","350","SUCCESS","0.12000000000000455"
"325.70477369620386","325.82477369620386","24","1","{""a"":""inr"",""s"":1,""nid"":-1135087220,""i"":""<<Healthy,?o,Soldier24,?l,t,1,>>"",""psn"":[24]}","240340","85","339","SUCCESS","0.12000000000000455"
"325.70477369620386","325.82477369620386","11","16","{""a"":""in"",""s"":1,""nid"":-1135087220,""i"":""<<Healthy,?o,?l,t,1,>>"",""psn"":[1,11]}","110344","76","343","SUCCESS","0.12000000000000455"
"325.70477369620386","325.82477369620386","11","1","{""a"":""inr"",""s"":1,""nid"":-1135087220,""i"":""<<Healthy,?o,Soldier11,?l,t,1,>>"",""psn"":[11]}","110349","85","348","SUCCESS","0.12000000000000455"
"325.70477369620386","325.82477369620386","11","15","{""a"":""in"",""s"":1,""nid"":-1135087220,""i"":""<<Healthy,?o,?l,t,1,>>"",""psn"":[1,11]}","110348","76","347","SUCCESS","0.12000000000000455"
"325.70477369620386","325.82477369620386","21","25","{""a"":""in"",""s"":1,""nid"":-1135087220,""i"":""<<Healthy,?o,?l,t,1,>>"",""psn"":[1,21]}","210352","76","351","SUCCESS","0.12000000000000455"
"325.70477369620386","325.82477369620386","11","14","{""a"":""in"",""s"":1,""nid"":-1135087220,""i"":""<<Healthy,?o,?l,t,1,>>"",""psn"":[1,11]}","110347","76","346","SUCCESS","0.12000000000000455"
"325.70477369620386","325.82477369620386","22","24","{""a"":""in"",""s"":1,""nid"":-1135087220,""i"":""<<Healthy,?o,?l,t,1,>>"",""psn"":[1,22]}","220341","76","340","SUCCESS","0.12000000000000455"
"325.70477369620386","325.82477369620386","22","1","{""a"":""inr"",""s"":1,""nid"":-1135087220,""i"":""<<Healthy,?o,Soldier22,?l,t,1,>>"",""psn"":[22]}","220342","85","341","SUCCESS","0.12000000000000455"
"325.70477369620386","325.82477369620386","21","26","{""a"":""in"",""s"":1,""nid"":-1135087220,""i"":""<<Healthy,?o,?l,t,1,>>"",""psn"":[1,21]}","210353","76","352","SUCCESS","0.12000000000000455"
"325.70477369620386","325.82477369620386","22","1","{""a"":""inr"",""s"":1,""nid"":-1135087220,""i"":""<<Healthy,?o,Soldier22,?l,t,1,>>"",""psn"":[22]}","220343","85","342","SUCCESS","0.12000000000000455"
"325.70477369620386","325.82477369620386","11","1","{""a"":""inr"",""s"":1,""nid"":-1135087220,""i"":""<<Healthy,?o,Soldier11,?l,t,1,>>"",""psn"":[11]}","110350","85","349","SUCCESS","0.12000000000000455"
"325.70477369620386","325.82477369620386","24","22","{""a"":""in"",""s"":1,""nid"":-1135087220,""i"":""<<Healthy,?o,?l,t,1,>>"",""psn"":[1,24]}","240338","76","337","SUCCESS","0.12000000000000455"
"325.70477369620386","325.82477369620386","21","1","{""a"":""inr"",""s"":1,""nid"":-1135087220,""i"":""<<Healthy,?o,Soldier21,?l,t,1,>>"",""psn"":[21]}","210354","85","353","SUCCESS","0.12000000000000455"
"325.82477369620386","325.94477369620387","25","26","{""a"":""in"",""s"":1,""nid"":-1135087220,""i"":""<<Healthy,?o,?l,t,1,>>"",""psn"":[1,21,25]}","250379","79","378","SUCCESS","0.12000000000000455"
"325.82477369620386","325.94477369620387","13","11","{""a"":""inr"",""s"":1,""nid"":-1135087220,""i"":""<<Healthy,?o,Soldier13,?l,t,1,>>"",""psn"":[13]}","130359","85","358","SUCCESS","0.12000000000000455"
"325.82477369620386","325.94477369620387","16","12","{""a"":""in"",""s"":1,""nid"":-1135087220,""i"":""<<Healthy,?o,?l,t,1,>>"",""psn"":[1,11,16]}","160368","79","367","SUCCESS","0.12000000000000455"
"325.82477369620386","325.94477369620387","25","21","{""a"":""inr"",""s"":1,""nid"":-1135087220,""i"":""<<Healthy,?o,Soldier25,?l,t,1,>>"",""psn"":[25]}","250380","85","379","SUCCESS","0.12000000000000455"
"325.82477369620386","325.94477369620387","14","16","{""a"":""in"",""s"":1,""nid"":-1135087220,""i"":""<<Healthy,?o,?l,t,1,>>"",""psn"":[1,11,14]}","140381","79","380","SUCCESS","0.12000000000000455"
"325.82477369620386","325.94477369620387","13","15","{""a"":""in"",""s"":1,""nid"":-1135087220,""i"":""<<Healthy,?o,?l,t,1,>>"",""psn"":[1,11,13]}","130358","79","357","SUCCESS","0.12000000000000455"
"325.82477369620386","325.94477369620387","16","14","{""a"":""in"",""s"":1,""nid"":-1135087220,""i"":""<<Healthy,?o,?l,t,1,>>"",""psn"":[1,11,16]}","160370","79","369","SUCCESS","0.12000000000000455"
"325.82477369620386","325.94477369620387","13","16","{""a"":""in"",""s"":1,""nid"":-1135087220,""i"":""<<Healthy,?o,?l,t,1,>>"",""psn"":[1,11,13]}","130356","79","355","SUCCESS","0.12000000000000455"
"325.82477369620386","325.94477369620387","26","23","{""a"":""in"",""s"":1,""nid"":-1135087220,""i"":""<<Healthy,?o,?l,t,1,>>"",""psn"":[1,21,26]}","260385","79","384","SUCCESS","0.12000000000000455"
"325.82477369620386","325.94477369620387","23","26","{""a"":""in"",""s"":1,""nid"":-1135087220,""i"":""<<Healthy,?o,?l,t,1,>>"",""psn"":[1,21,23]}","230366","79","365","SUCCESS","0.12000000000000455"
"325.82477369620386","325.94477369620387","13","12","{""a"":""in"",""s"":1,""nid"":-1135087220,""i"":""<<Healthy,?o,?l,t,1,>>"",""psn"":[1,11,13]}","130357","79","356","SUCCESS","0.12000000000000455"
"325.82477369620386","325.94477369620387","12","11","{""a"":""inr"",""s"":1,""nid"":-1135087220,""i"":""<<Healthy,?o,Soldier12,?l,t,1,>>"",""psn"":[12]}","120364","85","363","SUCCESS","0.12000000000000455"
"325.82477369620386","325.94477369620387","23","25","{""a"":""in"",""s"":1,""nid"":-1135087220,""i"":""<<Healthy,?o,?l,t,1,>>"",""psn"":[1,21,23]}","230365","79","364","SUCCESS","0.12000000000000455"
"325.82477369620386","325.94477369620387","14","15","{""a"":""in"",""s"":1,""nid"":-1135087220,""i"":""<<Healthy,?o,?l,t,1,>>"",""psn"":[1,11,14]}","140383","79","382","SUCCESS","0.12000000000000455"
"325.82477369620386","325.94477369620387","26","21","{""a"":""inr"",""s"":1,""nid"":-1135087220,""i"":""<<Healthy,?o,Soldier26,?l,t,1,>>"",""psn"":[26]}","260387","85","386","SUCCESS","0.12000000000000455"
"325.82477369620386","325.94477369620387","23","21","{""a"":""inr"",""s"":1,""nid"":-1135087220,""i"":""<<Healthy,?o,Soldier23,?l,t,1,>>"",""psn"":[23]}","230367","85","366","SUCCESS","0.12000000000000455"
"325.82477369620386","325.94477369620387","15","12","{""a"":""in"",""s"":1,""nid"":-1135087220,""i"":""<<Healthy,?o,?l,t,1,>>"",""psn"":[1,11,15]}","150374","79","373","SUCCESS","0.12000000000000455"
"325.82477369620386","325.94477369620387","15","16","{""a"":""in"",""s"":1,""nid"":-1135087220,""i"":""<<Healthy,?o,?l,t,1,>>"",""psn"":[1,11,15]}","150373","79","372","SUCCESS","0.12000000000000455"
"325.82477369620386","325.94477369620387","12","15","{""a"":""in"",""s"":1,""nid"":-1135087220,""i"":""<<Healthy,?o,?l,t,1,>>"",""psn"":[1,11,12]}","120363","79","362","SUCCESS","0.12000000000000455"
"325.82477369620386","325.94477369620387","12","16","{""a"":""in"",""s"":1,""nid"":-1135087220,""i"":""<<Healthy,?o,?l,t,1,>>"",""psn"":[1,11,12]}","120360","79","359","SUCCESS","0.12000000000000455"
"325.82477369620386","325.94477369620387","16","15","{""a"":""in"",""s"":1,""nid"":-1135087220,""i"":""<<Healthy,?o,?l,t,1,>>"",""psn"":[1,11,16]}","160371","79","370","SUCCESS","0.12000000000000455"
"325.82477369620386","325.94477369620387","12","14","{""a"":""in"",""s"":1,""nid"":-1135087220,""i"":""<<Healthy,?o,?l,t,1,>>"",""psn"":[1,11,12]}","120362","79","361","SUCCESS","0.12000000000000455"
"325.82477369620386","325.94477369620387","16","11","{""a"":""inr"",""s"":1,""nid"":-1135087220,""i"":""<<Healthy,?o,Soldier16,?l,t,1,>>"",""psn"":[16]}","160372","85","371","SUCCESS","0.12000000000000455"
"325.82477369620386","325.94477369620387","25","23","{""a"":""in"",""s"":1,""nid"":-1135087220,""i"":""<<Healthy,?o,?l,t,1,>>"",""psn"":[1,21,25]}","250378","79","377","SUCCESS","0.12000000000000455"
"325.82477369620386","325.94477369620387","15","11","{""a"":""inr"",""s"":1,""nid"":-1135087220,""i"":""<<Healthy,?o,Soldier15,?l,t,1,>>"",""psn"":[15]}","150377","85","376","SUCCESS","0.12000000000000455"
"325.82477369620386","325.94477369620387","14","12","{""a"":""in"",""s"":1,""nid"":-1135087220,""i"":""<<Healthy,?o,?l,t,1,>>"",""psn"":[1,11,14]}","140382","79","381","SUCCESS","0.12000000000000455"
"325.82477369620386","325.94477369620387","15","13","{""a"":""in"",""s"":1,""nid"":-1135087220,""i"":""<<Healthy,?o,?l,t,1,>>"",""psn"":[1,11,15]}","150375","79","374","SUCCESS","0.12000000000000455"
"325.82477369620386","325.94477369620387","12","13","{""a"":""in"",""s"":1,""nid"":-1135087220,""i"":""<<Healthy,?o,?l,t,1,>>"",""psn"":[1,11,12]}","120361","79","360","SUCCESS","0.12000000000000455"
"325.82477369620386","325.94477369620387","16","13","{""a"":""in"",""s"":1,""nid"":-1135087220,""i"":""<<Healthy,?o,?l,t,1,>>"",""psn"":[1,11,16]}","160369","79","368","SUCCESS","0.12000000000000455"
"325.82477369620386","325.94477369620387","15","14","{""a"":""in"",""s"":1,""nid"":-1135087220,""i"":""<<Healthy,?o,?l,t,1,>>"",""psn"":[1,11,15]}","150376","79","375","SUCCESS","0.12000000000000455"
"325.82477369620386","325.94477369620387","26","25","{""a"":""in"",""s"":1,""nid"":-1135087220,""i"":""<<Healthy,?o,?l,t,1,>>"",""psn"":[1,21,26]}","260386","79","385","SUCCESS","0.12000000000000455"
"325.82477369620386","325.94477369620387","14","11","{""a"":""inr"",""s"":1,""nid"":-1135087220,""i"":""<<Healthy,?o,Soldier14,?l,t,1,>>"",""psn"":[14]}","140384","85","383","SUCCESS","0.12000000000000455"
"325.94477369620387","326.0647736962039","11","1","{""a"":""inr"",""s"":1,""nid"":-1135087220,""i"":""<<Healthy,?o,Soldier16,Soldier12,Soldier13,Soldier11,?l,t,1,>>"",""psn"":[16]}","110398","115","397","SUCCESS","0.12000000000000455"
"325.94477369620387","326.0647736962039","21","1","{""a"":""inr"",""s"":1,""nid"":-1135087220,""i"":""<<Healthy,?o,Soldier23,Soldier26,Soldier25,Soldier21,?l,t,1,>>"",""psn"":[23]}","210397","115","396","SUCCESS","0.12000000000000455"
"325.94477369620387","326.0647736962039","11","1","{""a"":""inr"",""s"":1,""nid"":-1135087220,""i"":""<<Healthy,?o,Soldier12,Soldier13,Soldier11,?l,t,1,>>"",""psn"":[12]}","110392","105","391","SUCCESS","0.12000000000000455"
"325.94477369620387","326.0647736962039","11","1","{""a"":""inr"",""s"":1,""nid"":-1135087220,""i"":""<<Healthy,?o,Soldier14,Soldier15,Soldier16,Soldier12,Soldier13,Soldier11,?l,t,1,>>"",""psn"":[14]}","110403","135","402","SUCCESS","0.12000000000000455"
"325.94477369620387","326.0647736962039","21","1","{""a"":""inr"",""s"":1,""nid"":-1135087220,""i"":""<<Healthy,?o,Soldier23,Soldier26,Soldier25,Soldier21,?l,t,1,>>"",""psn"":[23]}","210396","115","395","SUCCESS","0.12000000000000455"
"325.94477369620387","326.0647736962039","11","1","{""a"":""inr"",""s"":1,""nid"":-1135087220,""i"":""<<Healthy,?o,Soldier15,Soldier16,Soldier12,Soldier13,Soldier11,?l,t,1,>>"",""psn"":[15]}","110400","125","399","SUCCESS","0.12000000000000455"
"325.94477369620387","326.0647736962039","11","1","{""a"":""inr"",""s"":1,""nid"":-1135087220,""i"":""<<Healthy,?o,Soldier12,Soldier13,Soldier11,?l,t,1,>>"",""psn"":[12]}","110393","105","392","SUCCESS","0.12000000000000455"
"325.94477369620387","326.0647736962039","11","1","{""a"":""inr"",""s"":1,""nid"":-1135087220,""i"":""<<Healthy,?o,Soldier13,Soldier11,?l,t,1,>>"",""psn"":[13]}","110388","95","387","SUCCESS","0.12000000000000455"
"325.94477369620387","326.0647736962039","21","1","{""a"":""inr"",""s"":1,""nid"":-1135087220,""i"":""<<Healthy,?o,Soldier26,Soldier25,Soldier21,?l,t,1,>>"",""psn"":[26]}","210395","105","394","SUCCESS","0.12000000000000455"
"325.94477369620387","326.0647736962039","21","1","{""a"":""inr"",""s"":1,""nid"":-1135087220,""i"":""<<Healthy,?o,Soldier25,Soldier21,?l,t,1,>>"",""psn"":[25]}","210390","95","389","SUCCESS","0.12000000000000455"
"325.94477369620387","326.0647736962039","21","1","{""a"":""inr"",""s"":1,""nid"":-1135087220,""i"":""<<Healthy,?o,Soldier26,Soldier25,Soldier21,?l,t,1,>>"",""psn"":[26]}","210394","105","393","SUCCESS","0.12000000000000455"
"325.94477369620387","326.0647736962039","21","1","{""a"":""inr"",""s"":1,""nid"":-1135087220,""i"":""<<Healthy,?o,Soldier25,Soldier21,?l,t,1,>>"",""psn"":[25]}","210391","95","390","SUCCESS","0.12000000000000455"
"325.94477369620387","326.0647736962039","11","1","{""a"":""inr"",""s"":1,""nid"":-1135087220,""i"":""<<Healthy,?o,Soldier16,Soldier12,Soldier13,Soldier11,?l,t,1,>>"",""psn"":[16]}","110399","115","398","SUCCESS","0.12000000000000455"
"325.94477369620387","326.0647736962039","11","1","{""a"":""inr"",""s"":1,""nid"":-1135087220,""i"":""<<Healthy,?o,Soldier15,Soldier16,Soldier12,Soldier13,Soldier11,?l,t,1,>>"",""psn"":[15]}","110401","125","400","SUCCESS","0.12000000000000455"
"325.94477369620387","326.0647736962039","11","1","{""a"":""inr"",""s"":1,""nid"":-1135087220,""i"":""<<Healthy,?o,Soldier13,Soldier11,?l,t,1,>>"",""psn"":[13]}","110389","95","388","SUCCESS","0.12000000000000455"
"325.94477369620387","326.0647736962039","11","1","{""a"":""inr"",""s"":1,""nid"":-1135087220,""i"":""<<Healthy,?o,Soldier14,Soldier15,Soldier16,Soldier12,Soldier13,Soldier11,?l,t,1,>>"",""psn"":[14]}","110402","135","401","SUCCESS","0.12000000000000455"
